file,recursive_calls,unit_props,pure_literals,backtracks,avg_time_sec,median_time_sec,stdev_time_sec,result
uuf50-01.cnf,477,3258,5,477,0.06539,0.065477,0.000679,UNSAT
uuf50-010.cnf,407,2462,16,407,0.04786,0.0479,0.00063,UNSAT
uuf50-0100.cnf,603,3344,75,603,0.06563,0.065947,0.000603,UNSAT
uuf50-01000.cnf,385,1893,16,385,0.038508,0.038519,0.000391,UNSAT
uuf50-0101.cnf,1487,9459,74,1487,0.165921,0.166068,0.001626,UNSAT
uuf50-0102.cnf,557,3832,25,557,0.078212,0.078585,0.001583,UNSAT
uuf50-0103.cnf,913,5850,38,913,0.123926,0.123759,0.0015,UNSAT
uuf50-0104.cnf,1001,5510,86,1001,0.119712,0.120299,0.001819,UNSAT
uuf50-0105.cnf,285,1922,23,285,0.036565,0.036642,0.000626,UNSAT
uuf50-0106.cnf,695,4430,10,695,0.086287,0.085843,0.001185,UNSAT
uuf50-0107.cnf,761,5198,11,761,0.106253,0.106234,0.001649,UNSAT
uuf50-0108.cnf,995,5543,16,995,0.127305,0.126692,0.002055,UNSAT
uuf50-0109.cnf,1487,8383,98,1487,0.167118,0.166894,0.002709,UNSAT
uuf50-011.cnf,1003,6095,27,1003,0.118426,0.118521,0.000704,UNSAT
uuf50-0110.cnf,925,5407,73,925,0.108036,0.107716,0.001515,UNSAT
uuf50-0111.cnf,1307,7142,97,1307,0.134234,0.134017,0.001256,UNSAT
uuf50-0112.cnf,1777,9915,99,1777,0.178384,0.178196,0.001613,UNSAT
uuf50-0113.cnf,625,3899,28,625,0.075608,0.075556,0.000737,UNSAT
uuf50-0114.cnf,323,2129,14,323,0.044711,0.04457,0.000574,UNSAT
uuf50-0115.cnf,651,4171,21,651,0.090196,0.090191,0.000742,UNSAT
uuf50-0116.cnf,1459,7930,26,1459,0.181203,0.181306,0.002367,UNSAT
uuf50-0117.cnf,1839,11959,66,1839,0.209166,0.208096,0.002989,UNSAT
uuf50-0118.cnf,1255,8491,48,1255,0.174527,0.174246,0.001656,UNSAT
uuf50-0119.cnf,849,5484,28,849,0.105322,0.105447,0.001602,UNSAT
uuf50-012.cnf,1201,7571,31,1201,0.152962,0.153296,0.001233,UNSAT
uuf50-0120.cnf,1817,10553,65,1817,0.209577,0.209478,0.001953,UNSAT
uuf50-0121.cnf,457,2401,45,457,0.048353,0.048442,0.000593,UNSAT
uuf50-0122.cnf,1057,5706,20,1057,0.130298,0.130162,0.001006,UNSAT
uuf50-0123.cnf,523,3735,21,523,0.073188,0.073285,0.000824,UNSAT
uuf50-0124.cnf,773,5194,32,773,0.10885,0.108715,0.001016,UNSAT
uuf50-0125.cnf,1093,5319,45,1093,0.685411,0.329197,0.589461,UNSAT
uuf50-0126.cnf,977,6027,125,977,1.261084,1.259496,0.008923,UNSAT
uuf50-0127.cnf,815,5142,20,815,0.800674,1.064234,0.384829,UNSAT
uuf50-0128.cnf,705,4014,59,705,0.14673,0.14514,0.003087,UNSAT
uuf50-0129.cnf,361,2165,10,361,0.085192,0.084674,0.00321,UNSAT
uuf50-013.cnf,269,1840,27,269,0.065022,0.064198,0.002454,UNSAT
uuf50-0130.cnf,895,5153,42,895,0.179366,0.178907,0.010559,UNSAT
uuf50-0131.cnf,1465,10084,38,1465,0.324316,0.320629,0.016225,UNSAT
uuf50-0132.cnf,651,4494,26,651,0.142978,0.138892,0.007959,UNSAT
uuf50-0133.cnf,1325,7846,32,1325,0.22406,0.223273,0.005378,UNSAT
uuf50-0134.cnf,763,4596,72,763,0.131888,0.13186,0.001819,UNSAT
uuf50-0135.cnf,339,2066,11,339,0.061898,0.061696,0.000723,UNSAT
uuf50-0136.cnf,831,4858,86,831,0.129238,0.128597,0.002635,UNSAT
uuf50-0137.cnf,505,3590,40,505,0.099004,0.099639,0.002033,UNSAT
uuf50-0138.cnf,693,4331,30,693,0.114824,0.112654,0.006093,UNSAT
uuf50-0139.cnf,611,3225,57,611,0.092165,0.092012,0.001578,UNSAT
uuf50-014.cnf,1195,7042,44,1195,0.195855,0.196136,0.002892,UNSAT
uuf50-0140.cnf,1151,6770,50,1151,0.178582,0.178487,0.002205,UNSAT
uuf50-0141.cnf,295,1785,41,295,0.034719,0.034531,0.000572,UNSAT
uuf50-0142.cnf,1423,7798,138,1423,0.163301,0.162885,0.001448,UNSAT
uuf50-0143.cnf,681,4917,87,681,0.101543,0.101445,0.001166,UNSAT
uuf50-0144.cnf,579,3719,16,579,0.09309,0.093183,0.000859,UNSAT
uuf50-0145.cnf,1317,7089,39,1317,0.174931,0.174123,0.002257,UNSAT
uuf50-0146.cnf,757,4323,18,757,0.106244,0.105554,0.001591,UNSAT
uuf50-0147.cnf,285,1974,12,285,0.046949,0.046903,0.001155,UNSAT
uuf50-0148.cnf,1679,9235,68,1679,0.228949,0.228711,0.003142,UNSAT
uuf50-0149.cnf,725,4924,25,725,0.114244,0.11331,0.001733,UNSAT
uuf50-015.cnf,463,2719,80,463,0.061648,0.061746,0.00054,UNSAT
uuf50-0150.cnf,1783,11920,135,1783,0.222666,0.220472,0.007795,UNSAT
uuf50-0151.cnf,167,1091,13,167,0.023199,0.023252,0.000428,UNSAT
uuf50-0152.cnf,1795,11066,36,1795,0.23511,0.234513,0.0029,UNSAT
uuf50-0153.cnf,875,6118,22,875,0.116393,0.115991,0.001337,UNSAT
uuf50-0154.cnf,729,4523,31,729,0.113005,0.109877,0.009078,UNSAT
uuf50-0155.cnf,715,4025,29,715,0.087912,0.087966,0.000609,UNSAT
uuf50-0156.cnf,361,2388,18,361,0.047902,0.047777,0.000931,UNSAT
uuf50-0157.cnf,1525,8851,98,1525,0.190533,0.188183,0.006711,UNSAT
uuf50-0158.cnf,979,6004,33,979,0.127116,0.126517,0.0014,UNSAT
uuf50-0159.cnf,701,4081,20,701,0.089197,0.088565,0.00141,UNSAT
uuf50-016.cnf,1161,6177,136,1161,0.114888,0.114456,0.001417,UNSAT
uuf50-0160.cnf,1059,6068,91,1059,0.116375,0.116511,0.001167,UNSAT
uuf50-0161.cnf,967,5636,53,967,0.118771,0.118372,0.00127,UNSAT
uuf50-0162.cnf,237,1589,6,237,0.03211,0.032004,0.000542,UNSAT
uuf50-0163.cnf,1429,8286,60,1429,0.182244,0.18333,0.003551,UNSAT
uuf50-0164.cnf,781,5600,43,781,0.11395,0.11309,0.001529,UNSAT
uuf50-0165.cnf,1325,7620,182,1325,0.162662,0.162786,0.001138,UNSAT
uuf50-0166.cnf,263,1794,9,263,0.03607,0.036095,0.000493,UNSAT
uuf50-0167.cnf,273,1761,1,273,0.039829,0.03983,0.000513,UNSAT
uuf50-0168.cnf,345,2333,12,345,0.048197,0.048239,0.000552,UNSAT
uuf50-0169.cnf,757,4179,88,757,0.077727,0.07755,0.000922,UNSAT
uuf50-017.cnf,655,3983,71,655,0.089732,0.089427,0.001088,UNSAT
uuf50-0170.cnf,723,4797,25,723,0.103521,0.103655,0.000908,UNSAT
uuf50-0171.cnf,753,4554,61,753,0.087767,0.087479,0.001153,UNSAT
uuf50-0172.cnf,289,1683,8,289,0.038941,0.038825,0.000558,UNSAT
uuf50-0173.cnf,1305,7781,103,1305,0.163323,0.163086,0.002105,UNSAT
uuf50-0174.cnf,1273,7766,72,1273,0.164015,0.163853,0.002039,UNSAT
uuf50-0175.cnf,289,1933,27,289,0.040427,0.040228,0.000428,UNSAT
uuf50-0176.cnf,691,4157,46,691,0.088356,0.087754,0.002536,UNSAT
uuf50-0177.cnf,983,5717,7,983,0.132768,0.131233,0.004984,UNSAT
uuf50-0178.cnf,1275,9060,50,1275,0.171037,0.170571,0.001819,UNSAT
uuf50-0179.cnf,1273,6934,107,1273,0.153542,0.154106,0.002809,UNSAT
uuf50-018.cnf,391,2405,12,391,0.050407,0.050189,0.000917,UNSAT
uuf50-0180.cnf,1435,8396,45,1435,0.136174,0.136675,0.001466,UNSAT
uuf50-0181.cnf,455,2863,24,455,0.060898,0.06095,0.000583,UNSAT
uuf50-0182.cnf,701,4832,69,701,0.091847,0.091805,0.001,UNSAT
uuf50-0183.cnf,695,3792,38,695,0.087382,0.087522,0.00112,UNSAT
uuf50-0184.cnf,635,3538,115,635,0.060516,0.060593,0.00061,UNSAT
uuf50-0185.cnf,631,4549,60,631,0.091474,0.090786,0.005371,UNSAT
uuf50-0186.cnf,1137,5688,53,1137,0.127223,0.127245,0.001101,UNSAT
uuf50-0187.cnf,741,4778,49,741,0.092107,0.092357,0.001206,UNSAT
uuf50-0188.cnf,553,3890,9,553,0.078218,0.078366,0.001115,UNSAT
uuf50-0189.cnf,721,4609,38,721,0.083139,0.083253,0.000825,UNSAT
uuf50-019.cnf,665,4180,20,665,0.097003,0.097101,0.001073,UNSAT
uuf50-0190.cnf,303,2011,15,303,0.042971,0.043036,0.00071,UNSAT
uuf50-0191.cnf,563,3320,71,563,0.074182,0.074251,0.000905,UNSAT
uuf50-0192.cnf,551,3289,58,551,0.073129,0.072291,0.004761,UNSAT
uuf50-0193.cnf,737,3991,45,737,0.707414,0.8117,0.229678,UNSAT
uuf50-0194.cnf,653,4539,59,653,0.919446,0.914848,0.015347,UNSAT
uuf50-0195.cnf,643,4487,43,643,0.222466,0.158677,0.166947,UNSAT
uuf50-0196.cnf,593,3861,45,593,0.139194,0.139031,0.003478,UNSAT
uuf50-0197.cnf,625,3604,31,625,0.137797,0.136743,0.002497,UNSAT
uuf50-0198.cnf,397,2207,30,397,0.07852,0.078247,0.002352,UNSAT
uuf50-0199.cnf,2443,11566,188,2443,0.363769,0.361235,0.010793,UNSAT
uuf50-02.cnf,425,2957,44,425,0.085493,0.085557,0.001274,UNSAT
uuf50-020.cnf,517,3065,13,517,0.10208,0.102637,0.001532,UNSAT
uuf50-0200.cnf,1241,6706,42,1241,0.197371,0.196598,0.00277,UNSAT
uuf50-0201.cnf,1103,7749,120,1103,0.202923,0.201447,0.003599,UNSAT
uuf50-0202.cnf,967,6124,44,967,0.18022,0.180066,0.002467,UNSAT
uuf50-0203.cnf,821,5093,50,821,0.134954,0.134797,0.002508,UNSAT
uuf50-0204.cnf,375,2427,0,375,0.072622,0.072914,0.001071,UNSAT
uuf50-0205.cnf,369,2469,30,369,0.067078,0.06696,0.001331,UNSAT
uuf50-0206.cnf,621,4218,49,621,0.102724,0.103008,0.001345,UNSAT
uuf50-0207.cnf,1241,7649,161,1241,0.188408,0.187145,0.003809,UNSAT
uuf50-0208.cnf,465,2862,42,465,0.075673,0.076149,0.001318,UNSAT
uuf50-0209.cnf,637,4132,23,637,0.105426,0.10538,0.001051,UNSAT
uuf50-021.cnf,529,3342,8,529,0.081643,0.081677,0.001226,UNSAT
uuf50-0210.cnf,1099,6832,32,1099,0.169043,0.166589,0.006347,UNSAT
uuf50-0211.cnf,899,5554,84,899,0.132206,0.128745,0.008397,UNSAT
uuf50-0212.cnf,1865,10606,41,1865,0.23795,0.236268,0.00338,UNSAT
uuf50-0213.cnf,359,2373,23,359,0.057584,0.057466,0.000837,UNSAT
uuf50-0214.cnf,701,4003,8,701,0.096965,0.097122,0.000856,UNSAT
uuf50-0215.cnf,487,3014,44,487,0.067784,0.067673,0.000633,UNSAT
uuf50-0216.cnf,621,3576,51,621,0.076082,0.075516,0.001461,UNSAT
uuf50-0217.cnf,1227,7480,130,1227,0.160163,0.160527,0.001349,UNSAT
uuf50-0218.cnf,1043,6289,71,1043,0.143866,0.143227,0.001389,UNSAT
uuf50-0219.cnf,1035,6435,39,1035,0.135394,0.135166,0.001583,UNSAT
uuf50-022.cnf,783,4974,38,783,0.107894,0.107763,0.000912,UNSAT
uuf50-0220.cnf,277,1579,17,277,0.037537,0.037552,0.000533,UNSAT
uuf50-0221.cnf,365,2179,0,365,0.05033,0.050241,0.000696,UNSAT
uuf50-0222.cnf,1201,6710,30,1201,0.150532,0.150084,0.001678,UNSAT
uuf50-0223.cnf,853,5609,53,853,0.105296,0.104324,0.003272,UNSAT
uuf50-0224.cnf,681,4163,15,681,0.079777,0.079745,0.001002,UNSAT
uuf50-0225.cnf,577,3674,33,577,0.079742,0.079792,0.001039,UNSAT
uuf50-0226.cnf,969,6738,83,969,0.12367,0.123776,0.001399,UNSAT
uuf50-0227.cnf,853,4402,15,853,0.098745,0.098232,0.001368,UNSAT
uuf50-0228.cnf,783,4992,38,783,0.098624,0.09701,0.004283,UNSAT
uuf50-0229.cnf,1449,9567,166,1449,0.14719,0.147162,0.001312,UNSAT
uuf50-023.cnf,731,4684,18,731,0.095866,0.095293,0.00311,UNSAT
uuf50-0230.cnf,671,4568,35,671,0.091489,0.091457,0.0012,UNSAT
uuf50-0231.cnf,1123,6178,32,1123,0.140499,0.140724,0.001356,UNSAT
uuf50-0232.cnf,847,4273,43,847,0.092023,0.092356,0.000884,UNSAT
uuf50-0233.cnf,2067,11191,190,2067,0.213872,0.213207,0.002122,UNSAT
uuf50-0234.cnf,797,4943,15,797,0.10356,0.103333,0.001489,UNSAT
uuf50-0235.cnf,1253,6982,28,1253,0.144294,0.14333,0.003075,UNSAT
uuf50-0236.cnf,271,1698,20,271,0.035605,0.035527,0.000579,UNSAT
uuf50-0237.cnf,1073,6648,13,1073,0.153827,0.154195,0.002675,UNSAT
uuf50-0238.cnf,511,2728,63,511,0.05643,0.056407,0.000637,UNSAT
uuf50-0239.cnf,875,5397,32,875,0.126587,0.126187,0.001809,UNSAT
uuf50-024.cnf,269,1583,0,269,0.039624,0.039639,0.000514,UNSAT
uuf50-0240.cnf,617,3739,40,617,0.080986,0.080713,0.000932,UNSAT
uuf50-0241.cnf,665,3926,17,665,0.092934,0.093019,0.001475,UNSAT
uuf50-0242.cnf,585,3558,19,585,0.077471,0.077223,0.000799,UNSAT
uuf50-0243.cnf,1407,8435,33,1407,0.177053,0.176596,0.00245,UNSAT
uuf50-0244.cnf,1015,6647,23,1015,0.13968,0.139428,0.001946,UNSAT
uuf50-0245.cnf,1041,5501,54,1041,0.113155,0.112341,0.004386,UNSAT
uuf50-0246.cnf,487,2526,47,487,0.057747,0.057741,0.000842,UNSAT
uuf50-0247.cnf,599,4151,43,599,0.083699,0.083875,0.000871,UNSAT
uuf50-0248.cnf,487,3542,34,487,0.066296,0.066294,0.001416,UNSAT
uuf50-0249.cnf,575,2858,44,575,0.067185,0.067159,0.000823,UNSAT
uuf50-025.cnf,1315,7921,62,1315,0.177989,0.177909,0.000903,UNSAT
uuf50-0250.cnf,165,1035,13,165,0.024639,0.024512,0.000491,UNSAT
uuf50-0251.cnf,851,5620,23,851,0.114729,0.114606,0.00116,UNSAT
uuf50-0252.cnf,1695,10294,114,1695,0.209444,0.208926,0.002107,UNSAT
uuf50-0253.cnf,635,4233,49,635,0.090927,0.090774,0.000923,UNSAT
uuf50-0254.cnf,879,5527,52,879,0.118842,0.118854,0.000742,UNSAT
uuf50-0255.cnf,501,3442,25,501,0.069028,0.068943,0.001223,UNSAT
uuf50-0256.cnf,1017,6848,39,1017,0.125016,0.124619,0.001394,UNSAT
uuf50-0257.cnf,807,4703,36,807,0.095357,0.095067,0.001026,UNSAT
uuf50-0258.cnf,355,2272,28,355,0.048549,0.048353,0.000577,UNSAT
uuf50-0259.cnf,1211,6256,42,1211,0.145313,0.145321,0.001923,UNSAT
uuf50-026.cnf,371,2022,5,371,0.046574,0.046535,0.000883,UNSAT
uuf50-0260.cnf,787,4607,15,787,0.103702,0.103154,0.001744,UNSAT
uuf50-0261.cnf,1115,5651,62,1115,0.151353,0.151232,0.001695,UNSAT
uuf50-0262.cnf,785,5398,100,785,0.109787,0.108151,0.005205,UNSAT
uuf50-0263.cnf,571,3912,62,571,0.076676,0.076691,0.000965,UNSAT
uuf50-0264.cnf,337,2247,38,337,0.044977,0.044883,0.000658,UNSAT
uuf50-0265.cnf,897,5567,37,897,0.129104,0.128852,0.001206,UNSAT
uuf50-0266.cnf,799,5250,70,799,0.110445,0.110694,0.000958,UNSAT
uuf50-0267.cnf,719,5239,59,719,0.086857,0.086422,0.001235,UNSAT
uuf50-0268.cnf,985,6335,10,985,0.145069,0.14482,0.001959,UNSAT
uuf50-0269.cnf,1321,7910,20,1321,0.181384,0.181008,0.001482,UNSAT
uuf50-027.cnf,845,5053,51,845,0.106778,0.106467,0.001798,UNSAT
uuf50-0270.cnf,2501,13497,159,2501,0.3214,0.322554,0.004183,UNSAT
uuf50-0271.cnf,759,3846,25,759,0.0882,0.088181,0.001102,UNSAT
uuf50-0272.cnf,401,2549,14,401,0.063511,0.063433,0.000782,UNSAT
uuf50-0273.cnf,481,2944,29,481,0.070743,0.070587,0.001099,UNSAT
uuf50-0274.cnf,1789,9959,175,1789,0.199337,0.19931,0.002179,UNSAT
uuf50-0275.cnf,1599,10400,30,1599,0.235991,0.235599,0.001968,UNSAT
uuf50-0276.cnf,353,2216,8,353,0.046006,0.04578,0.000616,UNSAT
uuf50-0277.cnf,991,5536,103,991,0.104819,0.104746,0.001308,UNSAT
uuf50-0278.cnf,823,4902,74,823,0.095674,0.095975,0.001574,UNSAT
uuf50-0279.cnf,2003,11260,154,2003,0.218747,0.219004,0.002022,UNSAT
uuf50-028.cnf,1497,8614,64,1497,0.18334,0.182915,0.002188,UNSAT
uuf50-0280.cnf,727,4576,15,727,0.096228,0.09629,0.001427,UNSAT
uuf50-0281.cnf,921,5679,18,921,0.116016,0.116276,0.001215,UNSAT
uuf50-0282.cnf,895,5865,38,895,0.119955,0.119367,0.002102,UNSAT
uuf50-0283.cnf,687,3634,47,687,0.086465,0.084865,0.003966,UNSAT
uuf50-0284.cnf,287,1752,24,287,0.037613,0.037466,0.000906,UNSAT
uuf50-0285.cnf,1019,6008,56,1019,0.122283,0.122129,0.001498,UNSAT
uuf50-0286.cnf,1089,5907,72,1089,0.137981,0.137609,0.001534,UNSAT
uuf50-0287.cnf,1227,8144,50,1227,0.159737,0.15877,0.002601,UNSAT
uuf50-0288.cnf,775,4320,18,775,0.092411,0.092588,0.000783,UNSAT
uuf50-0289.cnf,603,3637,19,603,0.078872,0.079013,0.001339,UNSAT
uuf50-029.cnf,489,3031,36,489,0.057196,0.057261,0.000797,UNSAT
uuf50-0290.cnf,1097,6648,65,1097,0.141389,0.140926,0.001255,UNSAT
uuf50-0291.cnf,241,1627,30,241,0.031854,0.031858,0.000591,UNSAT
uuf50-0292.cnf,687,4234,58,687,0.081422,0.079181,0.006816,UNSAT
uuf50-0293.cnf,257,1788,20,257,0.039494,0.039631,0.0007,UNSAT
uuf50-0294.cnf,1119,6937,25,1119,0.144813,0.145776,0.003563,UNSAT
uuf50-0295.cnf,389,2577,21,389,0.05814,0.058119,0.000699,UNSAT
uuf50-0296.cnf,905,5731,14,905,0.125655,0.125497,0.001322,UNSAT
uuf50-0297.cnf,995,5448,42,995,0.129846,0.130161,0.001108,UNSAT
uuf50-0298.cnf,625,3860,20,625,0.089153,0.089005,0.000754,UNSAT
uuf50-0299.cnf,651,4706,18,651,0.098694,0.098551,0.001152,UNSAT
uuf50-03.cnf,395,2574,27,395,0.051512,0.051415,0.000856,UNSAT
uuf50-030.cnf,631,3421,55,631,0.073471,0.073421,0.000581,UNSAT
uuf50-0300.cnf,1129,6507,106,1129,0.135687,0.134946,0.002371,UNSAT
uuf50-0301.cnf,415,3080,42,415,0.064871,0.06397,0.002831,UNSAT
uuf50-0302.cnf,779,5490,24,779,0.116464,0.115236,0.003633,UNSAT
uuf50-0303.cnf,797,4912,50,797,0.108202,0.107798,0.001062,UNSAT
uuf50-0304.cnf,1643,10014,56,1643,0.224652,0.223631,0.002488,UNSAT
uuf50-0305.cnf,513,3305,17,513,0.074556,0.074445,0.000997,UNSAT
uuf50-0306.cnf,757,5491,41,757,0.110888,0.110458,0.001225,UNSAT
uuf50-0307.cnf,2485,12726,228,2485,0.264105,0.263887,0.002861,UNSAT
uuf50-0308.cnf,1067,6287,48,1067,0.137149,0.136317,0.002365,UNSAT
uuf50-0309.cnf,639,4000,100,639,0.071694,0.07034,0.003722,UNSAT
uuf50-031.cnf,465,2591,59,465,0.059226,0.058929,0.000894,UNSAT
uuf50-0310.cnf,515,3188,20,515,0.065883,0.065694,0.000797,UNSAT
uuf50-0311.cnf,803,4837,23,803,0.105733,0.106523,0.001337,UNSAT
uuf50-0312.cnf,645,2873,18,645,0.070279,0.070196,0.000897,UNSAT
uuf50-0313.cnf,635,4237,15,635,0.092309,0.091908,0.000959,UNSAT
uuf50-0314.cnf,1211,7219,150,1211,0.151974,0.151597,0.001105,UNSAT
uuf50-0315.cnf,965,6440,47,965,0.142916,0.142236,0.001903,UNSAT
uuf50-0316.cnf,943,5513,106,943,0.099839,0.099296,0.001437,UNSAT
uuf50-0317.cnf,707,3898,31,707,0.088974,0.0886,0.001381,UNSAT
uuf50-0318.cnf,611,3794,17,611,0.088848,0.088684,0.000804,UNSAT
uuf50-0319.cnf,807,4571,18,807,0.103596,0.103764,0.000984,UNSAT
uuf50-032.cnf,209,1162,11,209,0.02794,0.027782,0.000356,UNSAT
uuf50-0320.cnf,1769,9194,56,1769,0.200646,0.202447,0.003281,UNSAT
uuf50-0321.cnf,1251,7616,43,1251,0.155151,0.15506,0.00206,UNSAT
uuf50-0322.cnf,1897,12965,87,1897,0.257717,0.25742,0.002818,UNSAT
uuf50-0323.cnf,983,5858,44,983,0.124499,0.125051,0.001365,UNSAT
uuf50-0324.cnf,441,3143,94,441,0.054607,0.054504,0.000709,UNSAT
uuf50-0325.cnf,699,4289,34,699,0.083872,0.083659,0.000839,UNSAT
uuf50-0326.cnf,465,3283,34,465,0.06713,0.066978,0.000877,UNSAT
uuf50-0327.cnf,417,2596,25,417,0.058669,0.05855,0.000956,UNSAT
uuf50-0328.cnf,465,2978,15,465,0.072563,0.072154,0.000848,UNSAT
uuf50-0329.cnf,779,4328,87,779,0.099605,0.099514,0.000858,UNSAT
uuf50-033.cnf,463,2656,5,463,0.062633,0.062794,0.000735,UNSAT
uuf50-0330.cnf,773,4872,61,773,0.111169,0.111178,0.001395,UNSAT
uuf50-0331.cnf,503,3252,21,503,0.072894,0.072683,0.000881,UNSAT
uuf50-0332.cnf,781,4738,51,781,0.098901,0.099153,0.00125,UNSAT
uuf50-0333.cnf,911,5170,60,911,0.110814,0.110328,0.001278,UNSAT
uuf50-0334.cnf,741,5152,59,741,0.109278,0.108972,0.001233,UNSAT
uuf50-0335.cnf,2109,12561,33,2109,0.253909,0.250955,0.010505,UNSAT
uuf50-0336.cnf,845,6004,102,845,0.10681,0.105565,0.004513,UNSAT
uuf50-0337.cnf,1167,7166,81,1167,0.153982,0.153527,0.00148,UNSAT
uuf50-0338.cnf,947,6322,29,947,0.135432,0.135189,0.001346,UNSAT
uuf50-0339.cnf,2523,15110,79,2523,0.326618,0.321786,0.012337,UNSAT
uuf50-034.cnf,621,3814,39,621,0.077874,0.077701,0.000505,UNSAT
uuf50-0340.cnf,505,3143,65,505,0.065846,0.065817,0.000451,UNSAT
uuf50-0341.cnf,641,4113,22,641,0.087066,0.086998,0.000927,UNSAT
uuf50-0342.cnf,673,3607,30,673,0.073258,0.073005,0.000824,UNSAT
uuf50-0343.cnf,633,4017,20,633,0.089452,0.089166,0.001257,UNSAT
uuf50-0344.cnf,523,3257,89,523,0.058104,0.058416,0.00113,UNSAT
uuf50-0345.cnf,1223,8128,18,1223,0.169907,0.170272,0.001854,UNSAT
uuf50-0346.cnf,2529,14670,59,2529,0.313615,0.314179,0.006324,UNSAT
uuf50-0347.cnf,1267,6660,92,1267,0.137676,0.13696,0.004056,UNSAT
uuf50-0348.cnf,1377,8531,80,1377,0.172577,0.172442,0.000907,UNSAT
uuf50-0349.cnf,359,2539,36,359,0.04825,0.048048,0.000865,UNSAT
uuf50-035.cnf,1141,6279,46,1141,0.139168,0.133791,0.012703,UNSAT
uuf50-0350.cnf,301,2202,76,301,0.057566,0.057357,0.002294,UNSAT
uuf50-0351.cnf,603,4091,47,603,0.120605,0.118499,0.005102,UNSAT
uuf50-0352.cnf,279,1625,22,279,0.04998,0.049976,0.001254,UNSAT
uuf50-0353.cnf,521,3596,5,521,0.094444,0.093743,0.001587,UNSAT
uuf50-0354.cnf,985,5675,103,985,0.15078,0.150088,0.004028,UNSAT
uuf50-0355.cnf,1275,8153,106,1275,0.209045,0.209808,0.004719,UNSAT
uuf50-0356.cnf,1069,5922,81,1069,0.154621,0.153056,0.007174,UNSAT
uuf50-0357.cnf,189,1369,4,189,0.03363,0.033431,0.000402,UNSAT
uuf50-0358.cnf,1529,7892,57,1529,0.197154,0.197483,0.002677,UNSAT
uuf50-0359.cnf,221,1527,20,221,0.03935,0.039017,0.00059,UNSAT
uuf50-036.cnf,995,4943,48,995,0.123336,0.124061,0.00249,UNSAT
uuf50-0360.cnf,897,5199,26,897,0.128363,0.127845,0.001284,UNSAT
uuf50-0361.cnf,157,1046,21,157,0.025266,0.02523,0.000546,UNSAT
uuf50-0362.cnf,7253,41800,302,7253,0.87813,0.876824,0.020359,UNSAT
uuf50-0363.cnf,619,4636,24,619,0.096994,0.09687,0.000999,UNSAT
uuf50-0364.cnf,613,4179,11,613,0.087151,0.087004,0.001515,UNSAT
uuf50-0365.cnf,2069,11426,71,2069,0.227263,0.226863,0.002243,UNSAT
uuf50-0366.cnf,409,2681,39,409,0.056787,0.056785,0.000399,UNSAT
uuf50-0367.cnf,1109,7284,49,1109,0.166574,0.166361,0.001691,UNSAT
uuf50-0368.cnf,805,4950,21,805,0.105851,0.10588,0.001282,UNSAT
uuf50-0369.cnf,1097,7173,74,1097,0.146078,0.145843,0.000781,UNSAT
uuf50-037.cnf,529,2840,84,529,0.051536,0.05148,0.000544,UNSAT
uuf50-0370.cnf,631,4185,64,631,0.087602,0.087661,0.00112,UNSAT
uuf50-0371.cnf,1281,7818,87,1281,0.159985,0.15945,0.001713,UNSAT
uuf50-0372.cnf,523,3214,41,523,0.072936,0.072593,0.001087,UNSAT
uuf50-0373.cnf,3559,21675,43,3559,0.509049,0.494744,0.058186,UNSAT
uuf50-0374.cnf,1693,10386,81,1693,0.269599,0.246236,0.042391,UNSAT
uuf50-0375.cnf,723,5102,10,723,0.11614,0.116576,0.00142,UNSAT
uuf50-0376.cnf,139,881,14,139,0.022549,0.022316,0.000428,UNSAT
uuf50-0377.cnf,725,4832,69,725,0.08936,0.089334,0.000741,UNSAT
uuf50-0378.cnf,425,2724,52,425,0.062523,0.062459,0.000706,UNSAT
uuf50-0379.cnf,603,3232,14,603,0.083703,0.083772,0.001099,UNSAT
uuf50-038.cnf,523,2793,8,523,0.06597,0.066002,0.000732,UNSAT
uuf50-0380.cnf,469,3255,41,469,0.063069,0.062809,0.0007,UNSAT
uuf50-0381.cnf,739,5192,22,739,0.112056,0.111844,0.001029,UNSAT
uuf50-0382.cnf,591,3665,23,591,0.081148,0.081182,0.00061,UNSAT
uuf50-0383.cnf,253,1469,16,253,0.032793,0.032808,0.0005,UNSAT
uuf50-0384.cnf,741,5030,51,741,0.102918,0.102455,0.001153,UNSAT
uuf50-0385.cnf,1589,9659,63,1589,0.206122,0.205192,0.002161,UNSAT
uuf50-0386.cnf,427,3273,40,427,0.068966,0.069115,0.000951,UNSAT
uuf50-0387.cnf,417,2355,16,417,0.054704,0.054492,0.000626,UNSAT
uuf50-0388.cnf,423,2925,19,423,0.06122,0.061219,0.000597,UNSAT
uuf50-0389.cnf,1479,8117,51,1479,0.175568,0.175044,0.001712,UNSAT
uuf50-039.cnf,2535,15899,43,2535,0.30449,0.304379,0.002336,UNSAT
uuf50-0390.cnf,1525,9004,52,1525,0.180382,0.180309,0.001363,UNSAT
uuf50-0391.cnf,785,4881,34,785,0.102835,0.102917,0.000965,UNSAT
uuf50-0392.cnf,659,4488,36,659,0.096161,0.096177,0.001089,UNSAT
uuf50-0393.cnf,849,5697,83,849,0.10339,0.101509,0.005064,UNSAT
uuf50-0394.cnf,381,2149,55,381,0.047065,0.047017,0.000454,UNSAT
uuf50-0395.cnf,881,5377,52,881,0.12226,0.122167,0.001258,UNSAT
uuf50-0396.cnf,807,4811,7,807,0.101652,0.1005,0.004353,UNSAT
uuf50-0397.cnf,305,1615,19,305,0.038082,0.038086,0.00064,UNSAT
uuf50-0398.cnf,491,3239,24,491,0.068576,0.068295,0.000787,UNSAT
uuf50-0399.cnf,731,4773,11,731,0.107022,0.10689,0.000836,UNSAT
uuf50-04.cnf,331,2304,13,331,0.050664,0.050659,0.000635,UNSAT
uuf50-040.cnf,631,4039,11,631,0.084161,0.083747,0.001003,UNSAT
uuf50-0400.cnf,1043,7034,19,1043,0.137748,0.137466,0.001656,UNSAT
uuf50-0401.cnf,539,3204,85,539,0.064861,0.064758,0.000731,UNSAT
uuf50-0402.cnf,661,3758,31,661,0.07902,0.078855,0.000856,UNSAT
uuf50-0403.cnf,659,4344,37,659,0.09151,0.091566,0.001095,UNSAT
uuf50-0404.cnf,437,2630,56,437,0.052518,0.052412,0.000895,UNSAT
uuf50-0405.cnf,1203,6873,57,1203,0.148447,0.148239,0.001952,UNSAT
uuf50-0406.cnf,411,2918,9,411,0.057281,0.057139,0.000541,UNSAT
uuf50-0407.cnf,433,2958,32,433,0.058626,0.058552,0.000499,UNSAT
uuf50-0408.cnf,575,3325,21,575,0.066953,0.066976,0.000883,UNSAT
uuf50-0409.cnf,1243,7784,71,1243,0.163005,0.162896,0.001483,UNSAT
uuf50-041.cnf,707,4190,41,707,0.076901,0.076794,0.000926,UNSAT
uuf50-0410.cnf,3091,17723,164,3091,0.353364,0.353989,0.002686,UNSAT
uuf50-0411.cnf,1861,10507,80,1861,0.213055,0.209823,0.006121,UNSAT
uuf50-0412.cnf,605,4084,12,605,0.094288,0.093916,0.000836,UNSAT
uuf50-0413.cnf,991,6425,10,991,0.13797,0.137507,0.001516,UNSAT
uuf50-0414.cnf,711,4179,41,711,0.094671,0.0944,0.00106,UNSAT
uuf50-0415.cnf,659,3090,5,659,0.080444,0.080237,0.00091,UNSAT
uuf50-0416.cnf,701,4382,70,701,0.097645,0.097236,0.00135,UNSAT
uuf50-0417.cnf,489,2645,79,489,0.060041,0.060008,0.000803,UNSAT
uuf50-0418.cnf,925,6023,37,925,0.103887,0.103661,0.000816,UNSAT
uuf50-0419.cnf,255,1711,13,255,0.038921,0.038969,0.00052,UNSAT
uuf50-042.cnf,1595,10319,71,1595,0.208109,0.207954,0.002254,UNSAT
uuf50-0420.cnf,717,4277,49,717,0.085822,0.085477,0.001107,UNSAT
uuf50-0421.cnf,655,4281,13,655,0.093871,0.092558,0.004011,UNSAT
uuf50-0422.cnf,1145,6957,56,1145,0.149792,0.149624,0.001313,UNSAT
uuf50-0423.cnf,747,3881,26,747,0.084875,0.084767,0.000759,UNSAT
uuf50-0424.cnf,1429,7511,84,1429,0.153851,0.153254,0.001676,UNSAT
uuf50-0425.cnf,957,5902,70,957,0.113601,0.112993,0.001685,UNSAT
uuf50-0426.cnf,211,1408,11,211,0.032288,0.032331,0.000556,UNSAT
uuf50-0427.cnf,1105,6568,32,1105,0.136892,0.13679,0.001678,UNSAT
uuf50-0428.cnf,613,4291,10,613,0.094764,0.094657,0.00051,UNSAT
uuf50-0429.cnf,1741,10396,40,1741,0.202226,0.205245,0.005324,UNSAT
uuf50-043.cnf,911,5558,109,911,0.115247,0.115336,0.001218,UNSAT
uuf50-0430.cnf,825,4914,68,825,0.107811,0.107415,0.001131,UNSAT
uuf50-0431.cnf,399,2652,17,399,0.061519,0.061224,0.000856,UNSAT
uuf50-0432.cnf,485,2991,43,485,0.062718,0.062537,0.000567,UNSAT
uuf50-0433.cnf,1575,9176,83,1575,0.213757,0.214438,0.002671,UNSAT
uuf50-0434.cnf,943,5339,19,943,0.122915,0.122345,0.001458,UNSAT
uuf50-0435.cnf,877,5240,1,877,0.121338,0.121379,0.000837,UNSAT
uuf50-0436.cnf,333,1999,47,333,0.042226,0.042073,0.000636,UNSAT
uuf50-0437.cnf,747,4132,32,747,0.086655,0.086564,0.000954,UNSAT
uuf50-0438.cnf,743,4631,21,743,0.093703,0.093597,0.000785,UNSAT
uuf50-0439.cnf,1049,5623,54,1049,0.121621,0.121523,0.001639,UNSAT
uuf50-044.cnf,2181,11130,156,2181,0.223466,0.220934,0.007824,UNSAT
uuf50-0440.cnf,1161,7602,65,1161,0.156448,0.15636,0.001599,UNSAT
uuf50-0441.cnf,489,3360,52,489,0.063546,0.063563,0.000863,UNSAT
uuf50-0442.cnf,615,3883,14,615,0.08484,0.084856,0.000996,UNSAT
uuf50-0443.cnf,367,2082,8,367,0.053598,0.053745,0.000773,UNSAT
uuf50-0444.cnf,1413,8073,96,1413,0.166967,0.166172,0.001837,UNSAT
uuf50-0445.cnf,307,2049,37,307,0.03794,0.037703,0.000449,UNSAT
uuf50-0446.cnf,693,4060,33,693,0.083715,0.082082,0.003699,UNSAT
uuf50-0447.cnf,1037,5557,65,1037,0.120679,0.120444,0.001309,UNSAT
uuf50-0448.cnf,1057,6151,49,1057,0.121784,0.121757,0.000906,UNSAT
uuf50-0449.cnf,1249,7687,50,1249,0.1544,0.154408,0.001111,UNSAT
uuf50-045.cnf,1661,10127,249,1661,0.203933,0.203182,0.001853,UNSAT
uuf50-0450.cnf,381,2011,11,381,0.048839,0.048887,0.000669,UNSAT
uuf50-0451.cnf,885,5497,19,885,0.114111,0.113947,0.000873,UNSAT
uuf50-0452.cnf,1339,7417,50,1339,0.158628,0.158427,0.002498,UNSAT
uuf50-0453.cnf,917,5697,88,917,0.120119,0.119936,0.000938,UNSAT
uuf50-0454.cnf,451,2779,14,451,0.062581,0.062616,0.000835,UNSAT
uuf50-0455.cnf,497,3635,19,497,0.069427,0.069634,0.001,UNSAT
uuf50-0456.cnf,1131,6437,118,1131,0.130262,0.12705,0.008761,UNSAT
uuf50-0457.cnf,1583,6928,111,1583,0.146787,0.146764,0.001744,UNSAT
uuf50-0458.cnf,229,1551,22,229,0.032118,0.03203,0.000552,UNSAT
uuf50-0459.cnf,819,4848,36,819,0.112181,0.111271,0.003296,UNSAT
uuf50-046.cnf,1107,7281,128,1107,0.136869,0.136303,0.001716,UNSAT
uuf50-0460.cnf,1261,6601,88,1261,0.135791,0.135016,0.001828,UNSAT
uuf50-0461.cnf,745,4077,63,745,0.088851,0.088898,0.000781,UNSAT
uuf50-0462.cnf,1223,7947,26,1223,0.178474,0.177458,0.005045,UNSAT
uuf50-0463.cnf,283,1534,15,283,0.036494,0.036462,0.000661,UNSAT
uuf50-0464.cnf,169,1141,31,169,0.026427,0.02618,0.000452,UNSAT
uuf50-0465.cnf,277,1968,7,277,0.048609,0.048366,0.000505,UNSAT
uuf50-0466.cnf,625,4084,59,625,0.079339,0.079107,0.001185,UNSAT
uuf50-0467.cnf,401,2274,28,401,0.053872,0.053742,0.000854,UNSAT
uuf50-0468.cnf,1033,5868,49,1033,0.123294,0.122795,0.001482,UNSAT
uuf50-0469.cnf,225,1586,6,225,0.035111,0.034942,0.00046,UNSAT
uuf50-047.cnf,2535,13906,363,2535,0.247885,0.247733,0.003481,UNSAT
uuf50-0470.cnf,891,6055,31,891,0.126502,0.126508,0.00225,UNSAT
uuf50-0471.cnf,447,2881,19,447,0.067129,0.066389,0.004298,UNSAT
uuf50-0472.cnf,331,2419,23,331,0.05391,0.054214,0.000824,UNSAT
uuf50-0473.cnf,769,4885,103,769,0.092586,0.092563,0.002539,UNSAT
uuf50-0474.cnf,1629,10830,220,1629,0.186009,0.185714,0.001404,UNSAT
uuf50-0475.cnf,457,3002,53,457,0.05907,0.059061,0.00072,UNSAT
uuf50-0476.cnf,1137,6792,112,1137,0.137562,0.137461,0.000933,UNSAT
uuf50-0477.cnf,593,3359,31,593,0.069924,0.069745,0.001125,UNSAT
uuf50-0478.cnf,483,3189,30,483,0.063635,0.063433,0.000919,UNSAT
uuf50-0479.cnf,381,2287,42,381,0.04412,0.043921,0.000632,UNSAT
uuf50-048.cnf,729,4515,27,729,0.099608,0.09952,0.001211,UNSAT
uuf50-0480.cnf,751,4752,70,751,0.100212,0.100096,0.000925,UNSAT
uuf50-0481.cnf,733,4157,22,733,0.090423,0.090659,0.000843,UNSAT
uuf50-0482.cnf,887,5515,2,887,0.123133,0.123019,0.000934,UNSAT
uuf50-0483.cnf,705,4085,28,705,0.079452,0.079438,0.000948,UNSAT
uuf50-0484.cnf,457,2715,53,457,0.05721,0.057113,0.000521,UNSAT
uuf50-0485.cnf,429,3053,21,429,0.06435,0.064456,0.000658,UNSAT
uuf50-0486.cnf,753,4589,28,753,0.108294,0.10819,0.000604,UNSAT
uuf50-0487.cnf,739,4257,135,739,0.093596,0.09353,0.000685,UNSAT
uuf50-0488.cnf,1009,6047,75,1009,0.121642,0.121531,0.001033,UNSAT
uuf50-0489.cnf,351,2478,18,351,0.050095,0.049881,0.000796,UNSAT
uuf50-049.cnf,1597,8664,40,1597,0.192807,0.192569,0.001737,UNSAT
uuf50-0490.cnf,2381,14562,13,2381,1.243239,0.299363,1.263346,UNSAT
uuf50-0491.cnf,493,3556,51,493,0.503706,0.647527,0.217723,UNSAT
uuf50-0492.cnf,787,4966,69,787,0.207463,0.200658,0.012912,UNSAT
uuf50-0493.cnf,1467,8845,50,1467,0.312348,0.312054,0.013284,UNSAT
uuf50-0494.cnf,3341,18771,367,3341,0.568471,0.559997,0.040421,UNSAT
uuf50-0495.cnf,1073,7180,34,1073,0.214305,0.214712,0.005438,UNSAT
uuf50-0496.cnf,515,3489,18,515,0.107417,0.106802,0.001719,UNSAT
uuf50-0497.cnf,1769,9009,212,1769,0.246728,0.244187,0.005372,UNSAT
uuf50-0498.cnf,739,4602,11,739,0.135469,0.133399,0.005675,UNSAT
uuf50-0499.cnf,1259,7280,84,1259,0.202434,0.200921,0.004464,UNSAT
uuf50-05.cnf,565,3742,59,565,0.10221,0.10217,0.001697,UNSAT
uuf50-050.cnf,753,5293,30,753,0.132638,0.132984,0.002035,UNSAT
uuf50-0500.cnf,1255,7241,144,1255,0.163976,0.161682,0.006623,UNSAT
uuf50-0501.cnf,819,5553,36,819,0.136472,0.135893,0.002896,UNSAT
uuf50-0502.cnf,965,6177,114,965,0.135158,0.135088,0.001422,UNSAT
uuf50-0503.cnf,671,4180,18,671,0.105806,0.105199,0.001254,UNSAT
uuf50-0504.cnf,691,4569,55,691,0.112551,0.112206,0.001995,UNSAT
uuf50-0505.cnf,795,4684,49,795,0.116204,0.116267,0.001538,UNSAT
uuf50-0506.cnf,309,2075,23,309,0.051224,0.051216,0.001027,UNSAT
uuf50-0507.cnf,159,788,13,159,0.020845,0.020643,0.000463,UNSAT
uuf50-0508.cnf,795,5953,25,795,0.13051,0.129647,0.002872,UNSAT
uuf50-0509.cnf,667,4369,30,667,0.090197,0.090436,0.002448,UNSAT
uuf50-051.cnf,339,2296,26,339,0.052862,0.05265,0.000614,UNSAT
uuf50-0510.cnf,735,4394,40,735,0.108998,0.109459,0.001472,UNSAT
uuf50-0511.cnf,1335,8422,144,1335,0.176151,0.174848,0.003989,UNSAT
uuf50-0512.cnf,2561,15247,129,2561,0.34707,0.34558,0.006634,UNSAT
uuf50-0513.cnf,555,3235,11,555,0.075506,0.075478,0.001008,UNSAT
uuf50-0514.cnf,509,3097,29,509,0.066293,0.066281,0.000765,UNSAT
uuf50-0515.cnf,1727,11145,84,1727,0.229315,0.229229,0.00263,UNSAT
uuf50-0516.cnf,1301,8954,80,1301,0.182634,0.183082,0.001937,UNSAT
uuf50-0517.cnf,271,1528,23,271,0.034819,0.034801,0.000638,UNSAT
uuf50-0518.cnf,615,4272,76,615,0.085813,0.08556,0.000929,UNSAT
uuf50-0519.cnf,587,3402,10,587,0.075047,0.075063,0.000591,UNSAT
uuf50-052.cnf,181,1166,25,181,0.023954,0.02379,0.000317,UNSAT
uuf50-0520.cnf,1143,6787,133,1143,0.144198,0.144253,0.003892,UNSAT
uuf50-0521.cnf,511,3240,30,511,0.064755,0.064457,0.001023,UNSAT
uuf50-0522.cnf,287,2064,14,287,0.044508,0.044492,0.000567,UNSAT
uuf50-0523.cnf,1903,10689,140,1903,0.224151,0.224032,0.001206,UNSAT
uuf50-0524.cnf,1049,6065,92,1049,0.136042,0.134437,0.004741,UNSAT
uuf50-0525.cnf,1247,8082,136,1247,0.160402,0.1598,0.00231,UNSAT
uuf50-0526.cnf,465,3136,46,465,0.065255,0.064904,0.000904,UNSAT
uuf50-0527.cnf,733,4428,30,733,0.089757,0.089408,0.001135,UNSAT
uuf50-0528.cnf,553,3894,10,553,0.076966,0.076887,0.000801,UNSAT
uuf50-0529.cnf,873,5734,20,873,0.121246,0.122087,0.002521,UNSAT
uuf50-053.cnf,697,4235,53,697,0.095013,0.095084,0.000536,UNSAT
uuf50-0530.cnf,879,5359,42,879,0.106942,0.106983,0.001339,UNSAT
uuf50-0531.cnf,2085,12488,269,2085,0.253393,0.253252,0.003073,UNSAT
uuf50-0532.cnf,763,4560,77,763,0.103648,0.103525,0.001088,UNSAT
uuf50-0533.cnf,1199,7186,39,1199,0.151484,0.151149,0.001456,UNSAT
uuf50-0534.cnf,1193,6604,98,1193,0.135458,0.135537,0.005513,UNSAT
uuf50-0535.cnf,1291,8792,52,1291,0.17299,0.170827,0.007015,UNSAT
uuf50-0536.cnf,1085,6131,80,1085,0.115918,0.114544,0.004144,UNSAT
uuf50-0537.cnf,859,5947,80,859,0.109689,0.109359,0.001508,UNSAT
uuf50-0538.cnf,943,6360,76,943,0.120138,0.119924,0.000626,UNSAT
uuf50-0539.cnf,779,4794,102,779,0.090043,0.087645,0.005126,UNSAT
uuf50-054.cnf,1557,9823,70,1557,0.185247,0.184065,0.003355,UNSAT
uuf50-0540.cnf,721,4812,36,721,0.086381,0.086343,0.000617,UNSAT
uuf50-0541.cnf,905,4916,41,905,0.114512,0.115048,0.0013,UNSAT
uuf50-0542.cnf,1409,9041,66,1409,0.183899,0.183462,0.003226,UNSAT
uuf50-0543.cnf,543,3401,44,543,0.074447,0.07458,0.001159,UNSAT
uuf50-0544.cnf,389,2355,38,389,0.050241,0.050019,0.000992,UNSAT
uuf50-0545.cnf,363,2558,10,363,0.052408,0.052053,0.001123,UNSAT
uuf50-0546.cnf,1929,10888,238,1929,0.220683,0.22078,0.002392,UNSAT
uuf50-0547.cnf,1161,6972,51,1161,0.150702,0.151191,0.003074,UNSAT
uuf50-0548.cnf,963,6075,84,963,0.128084,0.128229,0.001221,UNSAT
uuf50-0549.cnf,1509,9281,131,1509,0.170225,0.171519,0.004239,UNSAT
uuf50-055.cnf,315,2426,16,315,0.051553,0.051659,0.00063,UNSAT
uuf50-0550.cnf,717,4244,40,717,0.093074,0.0926,0.001327,UNSAT
uuf50-0551.cnf,681,4952,43,681,0.113377,0.113272,0.001221,UNSAT
uuf50-0552.cnf,853,6181,40,853,0.126539,0.126021,0.001955,UNSAT
uuf50-0553.cnf,1013,6882,89,1013,0.14205,0.141542,0.002283,UNSAT
uuf50-0554.cnf,1155,7293,37,1155,0.161973,0.161021,0.004099,UNSAT
uuf50-0555.cnf,1443,9234,97,1443,0.206153,0.206277,0.001287,UNSAT
uuf50-0556.cnf,2999,17789,75,2999,0.382727,0.379252,0.010202,UNSAT
uuf50-0557.cnf,943,5494,70,943,0.115656,0.11518,0.001425,UNSAT
uuf50-0558.cnf,1709,9732,96,1709,0.195656,0.195708,0.002666,UNSAT
uuf50-0559.cnf,385,2461,1,385,0.055015,0.054985,0.000663,UNSAT
uuf50-056.cnf,349,1949,39,349,0.043999,0.044037,0.00061,UNSAT
uuf50-0560.cnf,843,5213,31,843,0.103578,0.10232,0.002962,UNSAT
uuf50-0561.cnf,2675,16476,134,2675,0.360587,0.361105,0.002554,UNSAT
uuf50-0562.cnf,517,3349,51,517,0.076886,0.077099,0.000834,UNSAT
uuf50-0563.cnf,665,4248,61,665,0.091106,0.09135,0.001007,UNSAT
uuf50-0564.cnf,353,2182,16,353,0.053117,0.053104,0.000813,UNSAT
uuf50-0565.cnf,467,2816,8,467,0.064884,0.064962,0.000636,UNSAT
uuf50-0566.cnf,521,3260,19,521,0.077522,0.077571,0.00053,UNSAT
uuf50-0567.cnf,341,2123,28,341,0.045168,0.045316,0.000727,UNSAT
uuf50-0568.cnf,2153,10805,78,2153,0.221209,0.22133,0.001695,UNSAT
uuf50-0569.cnf,551,3570,9,551,0.082772,0.082749,0.000775,UNSAT
uuf50-057.cnf,143,956,6,143,0.02239,0.022475,0.000922,UNSAT
uuf50-0570.cnf,977,6782,37,977,0.144962,0.145094,0.001426,UNSAT
uuf50-0571.cnf,343,2159,25,343,0.048395,0.048417,0.000722,UNSAT
uuf50-0572.cnf,741,4729,39,741,0.121877,0.108363,0.020333,UNSAT
uuf50-0573.cnf,1655,9253,19,1655,0.295121,0.29113,0.016727,UNSAT
uuf50-0574.cnf,1117,6496,10,1117,0.198011,0.194916,0.009905,UNSAT
uuf50-0575.cnf,505,3556,7,505,0.104346,0.103791,0.003219,UNSAT
uuf50-0576.cnf,1329,8686,125,1329,0.214154,0.21016,0.011505,UNSAT
uuf50-0577.cnf,969,6465,156,969,0.158982,0.159137,0.00158,UNSAT
uuf50-0578.cnf,545,3918,53,545,0.093543,0.093537,0.001496,UNSAT
uuf50-0579.cnf,1663,8969,89,1663,0.24006,0.240208,0.003642,UNSAT
uuf50-058.cnf,1335,8257,72,1335,0.184616,0.183491,0.003497,UNSAT
uuf50-0580.cnf,501,2601,22,501,0.071796,0.071914,0.000769,UNSAT
uuf50-0581.cnf,1007,6313,68,1007,0.166163,0.165612,0.002098,UNSAT
uuf50-0582.cnf,981,5473,14,981,0.141652,0.141975,0.00259,UNSAT
uuf50-0583.cnf,301,1987,10,301,0.053078,0.053093,0.000638,UNSAT
uuf50-0584.cnf,303,1709,28,303,0.042589,0.042738,0.000725,UNSAT
uuf50-0585.cnf,1345,9075,189,1345,0.189803,0.189062,0.004449,UNSAT
uuf50-0586.cnf,901,5738,38,901,0.131222,0.13101,0.001491,UNSAT
uuf50-0587.cnf,1905,10772,139,1905,0.257487,0.256506,0.007446,UNSAT
uuf50-0588.cnf,1937,11492,79,1937,0.247688,0.247225,0.003014,UNSAT
uuf50-0589.cnf,625,4541,20,625,0.095508,0.095155,0.00114,UNSAT
uuf50-059.cnf,349,2170,13,349,0.052627,0.052599,0.000549,UNSAT
uuf50-0590.cnf,575,3833,34,575,0.083134,0.082957,0.001611,UNSAT
uuf50-0591.cnf,1861,10466,167,1861,0.207402,0.205326,0.007047,UNSAT
uuf50-0592.cnf,887,5043,61,887,0.115741,0.115082,0.00317,UNSAT
uuf50-0593.cnf,489,2820,24,489,0.059416,0.059373,0.000548,UNSAT
uuf50-0594.cnf,1121,5684,47,1121,0.143703,0.141948,0.005472,UNSAT
uuf50-0595.cnf,943,6168,48,943,0.13799,0.136508,0.005028,UNSAT
uuf50-0596.cnf,1159,6349,56,1159,0.133428,0.133554,0.00195,UNSAT
uuf50-0597.cnf,1719,9985,243,1719,0.213733,0.212165,0.006889,UNSAT
uuf50-0598.cnf,697,4407,15,697,0.086716,0.086655,0.001083,UNSAT
uuf50-0599.cnf,855,5385,18,855,0.118095,0.118065,0.001186,UNSAT
uuf50-06.cnf,955,6375,38,955,0.120631,0.120688,0.001264,UNSAT
uuf50-060.cnf,1127,7004,68,1127,0.150035,0.149491,0.001361,UNSAT
uuf50-0600.cnf,235,1676,8,235,0.038323,0.038173,0.00066,UNSAT
uuf50-0601.cnf,2395,13772,177,2395,0.269912,0.269321,0.003128,UNSAT
uuf50-0602.cnf,289,1952,11,289,0.042153,0.042145,0.00056,UNSAT
uuf50-0603.cnf,363,2360,8,363,0.043705,0.043727,0.00065,UNSAT
uuf50-0604.cnf,1611,9781,119,1611,0.219343,0.218433,0.003135,UNSAT
uuf50-0605.cnf,427,2588,17,427,0.060458,0.060251,0.001001,UNSAT
uuf50-0606.cnf,685,4283,43,685,0.096156,0.096019,0.001105,UNSAT
uuf50-0607.cnf,1759,9886,66,1759,0.215278,0.213895,0.007658,UNSAT
uuf50-0608.cnf,457,3058,27,457,0.067073,0.066896,0.00076,UNSAT
uuf50-0609.cnf,409,2602,51,409,0.058749,0.058844,0.000656,UNSAT
uuf50-061.cnf,591,3716,52,591,0.077484,0.0775,0.00055,UNSAT
uuf50-0610.cnf,1647,9218,111,1647,0.197699,0.19791,0.003669,UNSAT
uuf50-0611.cnf,1209,6762,101,1209,0.127319,0.127321,0.001231,UNSAT
uuf50-0612.cnf,589,3875,23,589,0.085379,0.085334,0.000597,UNSAT
uuf50-0613.cnf,619,3617,23,619,0.08111,0.080962,0.00095,UNSAT
uuf50-0614.cnf,725,4495,37,725,0.089978,0.089685,0.001002,UNSAT
uuf50-0615.cnf,295,2083,38,295,0.041512,0.041402,0.000644,UNSAT
uuf50-0616.cnf,2009,12858,13,2009,0.279512,0.27732,0.007016,UNSAT
uuf50-0617.cnf,1613,9650,159,1613,0.213353,0.212215,0.005868,UNSAT
uuf50-0618.cnf,183,1411,2,183,0.032654,0.032591,0.000554,UNSAT
uuf50-0619.cnf,1053,6930,41,1053,0.155246,0.154901,0.00088,UNSAT
uuf50-062.cnf,995,5778,139,995,0.130366,0.129037,0.002549,UNSAT
uuf50-0620.cnf,511,3438,40,511,0.076251,0.076148,0.000971,UNSAT
uuf50-0621.cnf,485,2819,58,485,0.050753,0.0505,0.000817,UNSAT
uuf50-0622.cnf,527,3666,26,527,0.078559,0.078656,0.000845,UNSAT
uuf50-0623.cnf,687,4801,40,687,0.094947,0.095201,0.002276,UNSAT
uuf50-0624.cnf,1503,9319,47,1503,0.198953,0.19938,0.003725,UNSAT
uuf50-0625.cnf,701,4237,63,701,0.092171,0.092222,0.000771,UNSAT
uuf50-0626.cnf,535,3674,25,535,0.081155,0.080912,0.001056,UNSAT
uuf50-0627.cnf,1569,10214,153,1569,0.222076,0.222019,0.001974,UNSAT
uuf50-0628.cnf,3701,21285,331,3701,0.420308,0.41738,0.00844,UNSAT
uuf50-0629.cnf,717,4060,63,717,0.088232,0.088375,0.000868,UNSAT
uuf50-063.cnf,587,3577,24,587,0.072381,0.072233,0.000897,UNSAT
uuf50-0630.cnf,937,5442,58,937,0.127329,0.126697,0.001303,UNSAT
uuf50-0631.cnf,1127,7000,82,1127,0.141418,0.141278,0.001379,UNSAT
uuf50-0632.cnf,907,6473,25,907,0.141601,0.141404,0.000774,UNSAT
uuf50-0633.cnf,453,2892,18,453,0.063145,0.063045,0.000795,UNSAT
uuf50-0634.cnf,323,2077,19,323,0.04125,0.041167,0.000704,UNSAT
uuf50-0635.cnf,313,2073,20,313,0.04321,0.043051,0.000657,UNSAT
uuf50-0636.cnf,687,4160,78,687,0.082301,0.082449,0.000769,UNSAT
uuf50-0637.cnf,561,3207,23,561,0.071873,0.071694,0.000785,UNSAT
uuf50-0638.cnf,903,5951,44,903,0.112603,0.112701,0.000889,UNSAT
uuf50-0639.cnf,1543,8894,196,1543,0.179785,0.179665,0.001183,UNSAT
uuf50-064.cnf,587,3358,37,587,0.077567,0.077176,0.001451,UNSAT
uuf50-0640.cnf,663,3953,49,663,0.08631,0.086134,0.000632,UNSAT
uuf50-0641.cnf,487,2683,21,487,0.064281,0.064237,0.000671,UNSAT
uuf50-0642.cnf,2585,14273,158,2585,0.325741,0.325458,0.003147,UNSAT
uuf50-0643.cnf,1489,8621,209,1489,0.190076,0.189656,0.002509,UNSAT
uuf50-0644.cnf,1341,8367,30,1341,0.196147,0.196233,0.001213,UNSAT
uuf50-0645.cnf,1289,7497,2,1289,0.184649,0.184873,0.001141,UNSAT
uuf50-0646.cnf,989,6676,70,989,0.15417,0.15417,0.001338,UNSAT
uuf50-0647.cnf,619,3916,62,619,0.080089,0.08024,0.000582,UNSAT
uuf50-0648.cnf,993,6181,21,993,0.132436,0.132492,0.001013,UNSAT
uuf50-0649.cnf,879,4943,33,879,0.108535,0.108611,0.000717,UNSAT
uuf50-065.cnf,963,5759,21,963,0.125705,0.125951,0.000979,UNSAT
uuf50-0650.cnf,631,3897,36,631,0.086301,0.086532,0.000827,UNSAT
uuf50-0651.cnf,783,4932,31,783,0.111254,0.111144,0.00101,UNSAT
uuf50-0652.cnf,347,2088,12,347,0.048273,0.048237,0.000499,UNSAT
uuf50-0653.cnf,481,2805,56,481,0.064457,0.064482,0.000557,UNSAT
uuf50-0654.cnf,305,2094,10,305,0.044606,0.044621,0.000601,UNSAT
uuf50-0655.cnf,295,1865,3,295,0.044769,0.044642,0.000659,UNSAT
uuf50-0656.cnf,1145,7016,50,1145,0.13293,0.133092,0.000688,UNSAT
uuf50-0657.cnf,1065,6320,210,1065,0.13482,0.134792,0.001231,UNSAT
uuf50-0658.cnf,1015,6377,127,1015,0.132076,0.132179,0.000945,UNSAT
uuf50-0659.cnf,847,5636,95,847,0.106763,0.106859,0.00079,UNSAT
uuf50-066.cnf,647,4271,63,647,0.095457,0.095839,0.00103,UNSAT
uuf50-0660.cnf,1095,6818,83,1095,0.138811,0.138786,0.001467,UNSAT
uuf50-0661.cnf,297,1844,37,297,0.043446,0.043353,0.000609,UNSAT
uuf50-0662.cnf,899,5483,42,899,0.12991,0.130113,0.001092,UNSAT
uuf50-0663.cnf,651,4153,29,651,0.429454,0.167,0.377432,UNSAT
uuf50-0664.cnf,447,2947,52,447,0.628451,0.630595,0.003851,UNSAT
uuf50-0665.cnf,213,1424,9,213,0.326277,0.324739,0.003174,UNSAT
uuf50-0666.cnf,737,4185,118,737,0.744252,0.746341,0.004192,UNSAT
uuf50-0667.cnf,711,4662,131,711,0.455893,0.242675,0.329708,UNSAT
uuf50-0668.cnf,341,2465,45,341,0.094426,0.094727,0.002234,UNSAT
uuf50-0669.cnf,2393,13638,235,2393,0.497338,0.503483,0.02364,UNSAT
uuf50-067.cnf,1973,11500,59,1973,0.366517,0.367149,0.012194,UNSAT
uuf50-0670.cnf,243,1641,5,243,0.060344,0.059571,0.003507,UNSAT
uuf50-0671.cnf,513,2926,29,513,0.093141,0.092194,0.002857,UNSAT
uuf50-0672.cnf,617,4068,1,617,0.133916,0.131135,0.007857,UNSAT
uuf50-0673.cnf,543,2986,22,543,0.092374,0.092388,0.001526,UNSAT
uuf50-0674.cnf,1383,6701,61,1383,0.214811,0.210686,0.012098,UNSAT
uuf50-0675.cnf,723,4336,21,723,0.127289,0.124439,0.007583,UNSAT
uuf50-0676.cnf,2529,10093,106,2529,0.367392,0.332975,0.06182,UNSAT
uuf50-0677.cnf,805,4544,40,805,0.165278,0.165462,0.000624,UNSAT
uuf50-0678.cnf,357,2375,41,357,0.085612,0.085244,0.000668,UNSAT
uuf50-0679.cnf,1027,7261,117,1027,0.234114,0.234107,0.000287,UNSAT
uuf50-068.cnf,533,3364,41,533,0.119625,0.119546,0.000763,UNSAT
uuf50-0680.cnf,667,4541,33,667,0.141981,0.142216,0.000676,UNSAT
uuf50-0681.cnf,717,4880,84,717,0.17745,0.177547,0.000547,UNSAT
uuf50-0682.cnf,2547,14129,89,2547,0.548895,0.549009,0.000998,UNSAT
uuf50-0683.cnf,1031,6693,41,1031,0.198705,0.198854,0.000639,UNSAT
uuf50-0684.cnf,729,4632,45,729,0.176351,0.176497,0.000556,UNSAT
uuf50-0685.cnf,713,4468,38,713,0.163397,0.163554,0.000459,UNSAT
uuf50-0686.cnf,637,3845,32,637,0.148274,0.14851,0.000617,UNSAT
uuf50-0687.cnf,545,3841,56,545,0.149828,0.150154,0.000684,UNSAT
uuf50-0688.cnf,869,5523,73,869,0.197815,0.197876,0.000547,UNSAT
uuf50-0689.cnf,1043,7085,62,1043,0.254787,0.254722,0.000559,UNSAT
uuf50-069.cnf,691,4816,39,691,0.172946,0.173178,0.000601,UNSAT
uuf50-0690.cnf,4695,24784,187,4695,0.884047,0.883206,0.004415,UNSAT
uuf50-0691.cnf,901,5238,18,901,0.196515,0.19641,0.000356,UNSAT
uuf50-0692.cnf,1193,6675,58,1193,0.256615,0.256614,0.000493,UNSAT
uuf50-0693.cnf,419,2321,17,419,0.089404,0.08902,0.000675,UNSAT
uuf50-0694.cnf,1563,9718,104,1563,0.319232,0.319049,0.000631,UNSAT
uuf50-0695.cnf,175,1043,19,175,0.03772,0.037548,0.000502,UNSAT
uuf50-0696.cnf,1533,10008,92,1533,0.356941,0.356372,0.015382,UNSAT
uuf50-0697.cnf,1059,6586,27,1059,0.247667,0.245854,0.003656,UNSAT
uuf50-0698.cnf,853,5324,92,853,0.19844,0.196271,0.006097,UNSAT
uuf50-0699.cnf,329,2087,34,329,0.074624,0.073614,0.003698,UNSAT
uuf50-07.cnf,1029,6290,22,1029,0.240368,0.24017,0.00188,UNSAT
uuf50-070.cnf,1313,7302,110,1313,0.272069,0.271514,0.001945,UNSAT
uuf50-0700.cnf,443,2584,51,443,0.098593,0.098574,0.000921,UNSAT
uuf50-0701.cnf,927,5127,3,927,0.217245,0.215926,0.003564,UNSAT
uuf50-0702.cnf,1463,7379,44,1463,0.274035,0.273702,0.00092,UNSAT
uuf50-0703.cnf,971,5734,24,971,0.239534,0.239074,0.001676,UNSAT
uuf50-0704.cnf,1941,10104,97,1941,0.406247,0.406302,0.002103,UNSAT
uuf50-0705.cnf,1487,9849,117,1487,0.372104,0.370161,0.005319,UNSAT
uuf50-0706.cnf,741,4583,50,741,0.162938,0.162429,0.002321,UNSAT
uuf50-0707.cnf,423,2678,31,423,0.098068,0.095893,0.007227,UNSAT
uuf50-0708.cnf,589,3219,16,589,0.136296,0.133883,0.008186,UNSAT
uuf50-0709.cnf,1421,8963,133,1421,0.307288,0.307043,0.001167,UNSAT
uuf50-071.cnf,385,2384,75,385,0.090051,0.089824,0.00125,UNSAT
uuf50-0710.cnf,1275,7283,49,1275,0.279863,0.278084,0.010999,UNSAT
uuf50-0711.cnf,1747,9679,135,1747,0.34101,0.340979,0.00096,UNSAT
uuf50-0712.cnf,1623,10035,91,1623,0.389376,0.384983,0.010181,UNSAT
uuf50-0713.cnf,513,3360,37,513,0.123787,0.124041,0.000701,UNSAT
uuf50-0714.cnf,2129,11213,186,2129,0.424625,0.424775,0.000671,UNSAT
uuf50-0715.cnf,1141,5945,97,1141,0.213909,0.21337,0.002218,UNSAT
uuf50-0716.cnf,1129,6596,39,1129,0.255555,0.256008,0.001391,UNSAT
uuf50-0717.cnf,1231,7065,73,1231,0.265662,0.256813,0.01718,UNSAT
uuf50-0718.cnf,345,2341,15,345,0.091715,0.091044,0.003283,UNSAT
uuf50-0719.cnf,333,2317,22,333,0.091151,0.089695,0.005342,UNSAT
uuf50-072.cnf,853,5275,12,853,0.213181,0.211292,0.005137,UNSAT
uuf50-0720.cnf,983,5739,123,983,0.193527,0.19297,0.001898,UNSAT
uuf50-0721.cnf,1217,6494,47,1217,0.249832,0.249867,0.000851,UNSAT
uuf50-0722.cnf,581,3801,41,581,0.144121,0.144374,0.000712,UNSAT
uuf50-0723.cnf,1269,7832,82,1269,0.320483,0.320315,0.001428,UNSAT
uuf50-0724.cnf,1007,5611,29,1007,0.236728,0.234229,0.00603,UNSAT
uuf50-0725.cnf,467,3220,25,467,0.129886,0.128578,0.006079,UNSAT
uuf50-0726.cnf,625,3923,44,625,0.159179,0.158515,0.004072,UNSAT
uuf50-0727.cnf,959,4818,110,959,0.172032,0.172387,0.000782,UNSAT
uuf50-0728.cnf,651,3816,74,651,0.131204,0.131516,0.000682,UNSAT
uuf50-0729.cnf,1001,6012,33,1001,0.214963,0.211781,0.007118,UNSAT
uuf50-073.cnf,777,4797,36,777,0.183042,0.182012,0.005341,UNSAT
uuf50-0730.cnf,895,5366,56,895,0.190405,0.190128,0.001401,UNSAT
uuf50-0731.cnf,325,1867,1,325,0.072949,0.072533,0.00071,UNSAT
uuf50-0732.cnf,1213,7860,30,1213,0.258664,0.257775,0.00295,UNSAT
uuf50-0733.cnf,1339,7636,30,1339,0.308331,0.308073,0.000809,UNSAT
uuf50-0734.cnf,643,3910,41,643,0.149002,0.149165,0.000719,UNSAT
uuf50-0735.cnf,341,2255,34,341,0.080238,0.079803,0.000694,UNSAT
uuf50-0736.cnf,1269,7516,41,1269,0.272119,0.271961,0.000596,UNSAT
uuf50-0737.cnf,1917,12586,170,1917,0.410106,0.392712,0.04127,UNSAT
uuf50-0738.cnf,623,4262,14,623,0.170316,0.165401,0.011894,UNSAT
uuf50-0739.cnf,1263,6901,112,1263,0.244113,0.239887,0.014114,UNSAT
uuf50-074.cnf,453,2970,15,453,0.116187,0.112237,0.010969,UNSAT
uuf50-0740.cnf,427,2790,19,427,0.107797,0.107779,0.000747,UNSAT
uuf50-0741.cnf,1367,7800,155,1367,0.269898,0.269695,0.000661,UNSAT
uuf50-0742.cnf,1829,11365,180,1829,0.410053,0.410015,0.000738,UNSAT
uuf50-0743.cnf,1501,8953,88,1501,0.360699,0.360783,0.001042,UNSAT
uuf50-0744.cnf,989,5376,30,989,0.219819,0.219816,0.000513,UNSAT
uuf50-0745.cnf,241,1424,12,241,0.05604,0.055733,0.000576,UNSAT
uuf50-0746.cnf,991,5883,75,991,0.22095,0.220826,0.00046,UNSAT
uuf50-0747.cnf,1851,10859,44,1851,0.398184,0.398184,0.00168,UNSAT
uuf50-0748.cnf,955,5612,107,955,0.197742,0.197335,0.001835,UNSAT
uuf50-0749.cnf,739,4611,89,739,0.160453,0.160746,0.000766,UNSAT
uuf50-075.cnf,159,1118,10,159,0.040185,0.039931,0.000555,UNSAT
uuf50-0750.cnf,545,3370,74,545,0.127476,0.127678,0.000696,UNSAT
uuf50-0751.cnf,239,1781,6,239,0.064441,0.064183,0.000569,UNSAT
uuf50-0752.cnf,835,4555,32,835,0.165399,0.165619,0.000637,UNSAT
uuf50-0753.cnf,499,3033,16,499,0.123544,0.123749,0.000753,UNSAT
uuf50-0754.cnf,1051,5520,37,1051,0.243713,0.243707,0.000764,UNSAT
uuf50-0755.cnf,291,1710,19,291,0.06667,0.066333,0.000709,UNSAT
uuf50-0756.cnf,191,1235,13,191,0.049171,0.048879,0.000623,UNSAT
uuf50-0757.cnf,2403,11897,104,2403,0.454411,0.454259,0.001144,UNSAT
uuf50-0758.cnf,865,5567,54,865,0.195536,0.195677,0.000691,UNSAT
uuf50-0759.cnf,1439,8181,52,1439,0.28736,0.286947,0.001532,UNSAT
uuf50-076.cnf,605,4198,32,605,0.140113,0.14018,0.000766,UNSAT
uuf50-0760.cnf,4389,22582,42,4389,0.930117,0.929879,0.001593,UNSAT
uuf50-0761.cnf,915,5062,43,915,0.175678,0.175715,0.000544,UNSAT
uuf50-0762.cnf,687,4241,38,687,0.158234,0.158411,0.000683,UNSAT
uuf50-0763.cnf,1103,6944,11,1103,0.266466,0.266346,0.000539,UNSAT
uuf50-0764.cnf,913,5453,55,913,0.181963,0.182025,0.000356,UNSAT
uuf50-0765.cnf,657,4730,36,657,0.169185,0.169405,0.000624,UNSAT
uuf50-0766.cnf,1289,8049,23,1289,0.329716,0.329605,0.001412,UNSAT
uuf50-0767.cnf,1163,7203,78,1163,0.244478,0.240851,0.009081,UNSAT
uuf50-0768.cnf,2425,14661,168,2425,0.51518,0.50846,0.016213,UNSAT
uuf50-0769.cnf,443,3026,15,443,0.110086,0.110056,0.001125,UNSAT
uuf50-077.cnf,1159,5826,116,1159,0.232167,0.230632,0.003325,UNSAT
uuf50-0770.cnf,247,1229,8,247,0.053516,0.05318,0.000664,UNSAT
uuf50-0771.cnf,941,5237,107,941,0.179675,0.17971,0.000596,UNSAT
uuf50-0772.cnf,861,5479,148,861,0.168745,0.168987,0.0008,UNSAT
uuf50-0773.cnf,439,2574,37,439,0.093137,0.092784,0.000721,UNSAT
uuf50-0774.cnf,3899,20813,29,3899,0.816729,0.816669,0.002015,UNSAT
uuf50-0775.cnf,653,3666,100,653,0.139853,0.140259,0.000757,UNSAT
uuf50-0776.cnf,513,3437,43,513,0.120378,0.120743,0.000776,UNSAT
uuf50-0777.cnf,603,3457,15,603,0.14472,0.144949,0.000689,UNSAT
uuf50-0778.cnf,475,3272,17,475,0.115165,0.115097,0.000751,UNSAT
uuf50-0779.cnf,3779,21073,91,3779,0.808421,0.806214,0.006654,UNSAT
uuf50-078.cnf,775,5213,17,775,0.196097,0.196072,0.000379,UNSAT
uuf50-0780.cnf,2305,14079,71,2305,0.509162,0.508785,0.002457,UNSAT
uuf50-0781.cnf,1095,6818,85,1095,0.223765,0.223813,0.000767,UNSAT
uuf50-0782.cnf,299,1941,26,299,0.071113,0.0708,0.00065,UNSAT
uuf50-0783.cnf,673,4280,31,673,0.154164,0.154052,0.001244,UNSAT
uuf50-0784.cnf,2843,16969,28,2843,0.652672,0.652114,0.002127,UNSAT
uuf50-0785.cnf,285,1681,6,285,0.068062,0.067683,0.000735,UNSAT
uuf50-0786.cnf,1395,7404,107,1395,0.279416,0.279115,0.001182,UNSAT
uuf50-0787.cnf,2091,11355,98,2091,0.43466,0.434477,0.001548,UNSAT
uuf50-0788.cnf,1493,7761,77,1493,0.341825,0.337577,0.014287,UNSAT
uuf50-0789.cnf,1751,9253,73,1751,0.358327,0.358175,0.001031,UNSAT
uuf50-079.cnf,867,5069,63,867,0.184209,0.184346,0.000445,UNSAT
uuf50-0790.cnf,1181,6510,129,1181,0.225644,0.225721,0.000401,UNSAT
uuf50-0791.cnf,497,3135,23,497,0.118357,0.118512,0.00128,UNSAT
uuf50-0792.cnf,693,4851,21,693,0.167735,0.168053,0.000708,UNSAT
uuf50-0793.cnf,467,3258,14,467,0.114369,0.11459,0.00071,UNSAT
uuf50-0794.cnf,463,2951,52,463,0.109614,0.109552,0.001216,UNSAT
uuf50-0795.cnf,473,2811,16,473,0.119714,0.119851,0.000811,UNSAT
uuf50-0796.cnf,1113,7767,171,1113,0.248648,0.248517,0.000551,UNSAT
uuf50-0797.cnf,2565,15846,74,2565,0.596088,0.594293,0.008529,UNSAT
uuf50-0798.cnf,333,2095,35,333,0.075605,0.075197,0.000667,UNSAT
uuf50-0799.cnf,433,2647,31,433,0.094801,0.094414,0.000739,UNSAT
uuf50-08.cnf,2867,15550,58,2867,0.571035,0.566123,0.014041,UNSAT
uuf50-080.cnf,1401,9179,111,1401,0.28631,0.284523,0.005054,UNSAT
uuf50-0800.cnf,1207,7593,55,1207,0.269065,0.268833,0.000775,UNSAT
uuf50-0801.cnf,1195,8137,84,1195,0.283136,0.282283,0.00319,UNSAT
uuf50-0802.cnf,609,4041,37,609,0.148515,0.148833,0.000739,UNSAT
uuf50-0803.cnf,1075,6225,49,1075,0.239993,0.239516,0.001429,UNSAT
uuf50-0804.cnf,517,2570,37,517,0.113924,0.114401,0.000747,UNSAT
uuf50-0805.cnf,723,4398,31,723,0.160069,0.160169,0.000621,UNSAT
uuf50-0806.cnf,997,6266,44,997,0.251119,0.250878,0.000729,UNSAT
uuf50-0807.cnf,115,855,4,115,0.033343,0.033144,0.000558,UNSAT
uuf50-0808.cnf,403,2746,29,403,0.104744,0.104371,0.000773,UNSAT
uuf50-0809.cnf,1145,7040,37,1145,0.265483,0.260949,0.011702,UNSAT
uuf50-081.cnf,1161,6982,11,1161,0.279532,0.279819,0.001676,UNSAT
uuf50-0810.cnf,2711,16559,151,2711,0.597885,0.597119,0.003073,UNSAT
uuf50-0811.cnf,1711,10180,207,1711,0.316058,0.315546,0.002718,UNSAT
uuf50-0812.cnf,629,3575,88,629,0.124947,0.122807,0.007379,UNSAT
uuf50-0813.cnf,1113,6353,19,1113,0.232404,0.229972,0.006738,UNSAT
uuf50-0814.cnf,1661,10598,258,1661,0.376602,0.376298,0.002313,UNSAT
uuf50-0815.cnf,461,2878,27,461,0.107239,0.107386,0.001202,UNSAT
uuf50-0816.cnf,609,4433,50,609,0.157504,0.156029,0.00631,UNSAT
uuf50-0817.cnf,2175,13324,186,2175,0.409404,0.407309,0.009475,UNSAT
uuf50-0818.cnf,1309,8577,101,1309,0.333445,0.329986,0.010616,UNSAT
uuf50-0819.cnf,443,2606,11,443,0.114164,0.112942,0.004955,UNSAT
uuf50-082.cnf,271,1641,10,271,0.066942,0.066971,0.001046,UNSAT
uuf50-0820.cnf,259,1666,19,259,0.063718,0.063367,0.000707,UNSAT
uuf50-0821.cnf,1979,10845,210,1979,0.40953,0.412319,0.005286,UNSAT
uuf50-0822.cnf,693,4280,21,693,0.159286,0.159396,0.000797,UNSAT
uuf50-0823.cnf,549,3612,34,549,0.134511,0.133763,0.003895,UNSAT
uuf50-0824.cnf,1445,7730,185,1445,0.266419,0.264884,0.005531,UNSAT
uuf50-0825.cnf,2803,16005,69,2803,0.613857,0.612463,0.00601,UNSAT
uuf50-0826.cnf,635,3808,82,635,0.133992,0.133498,0.00204,UNSAT
uuf50-0827.cnf,627,4426,13,627,0.163757,0.16391,0.000603,UNSAT
uuf50-0828.cnf,1921,11045,66,1921,0.406389,0.405828,0.002359,UNSAT
uuf50-0829.cnf,467,2897,0,467,0.110499,0.11039,0.002152,UNSAT
uuf50-083.cnf,829,5459,45,829,0.19522,0.193419,0.006076,UNSAT
uuf50-0830.cnf,2967,17693,195,2967,0.603685,0.602931,0.002623,UNSAT
uuf50-0831.cnf,233,1424,20,233,0.060968,0.060483,0.000826,UNSAT
uuf50-0832.cnf,491,2986,8,491,0.127347,0.122819,0.011467,UNSAT
uuf50-0833.cnf,719,4322,50,719,0.156035,0.156085,0.002461,UNSAT
uuf50-0834.cnf,613,4523,19,613,0.168971,0.167484,0.003293,UNSAT
uuf50-0835.cnf,755,4269,41,755,0.166936,0.166302,0.003386,UNSAT
uuf50-0836.cnf,829,5185,14,829,0.203986,0.202857,0.003944,UNSAT
uuf50-0837.cnf,1425,8702,144,1425,0.325723,0.324402,0.004118,UNSAT
uuf50-0838.cnf,439,2797,66,439,0.108042,0.10839,0.000779,UNSAT
uuf50-0839.cnf,1893,9948,110,1893,0.369908,0.369967,0.001231,UNSAT
uuf50-084.cnf,723,4489,28,723,0.164916,0.164969,0.000646,UNSAT
uuf50-0840.cnf,663,4126,18,663,0.156435,0.155583,0.004349,UNSAT
uuf50-0841.cnf,305,2187,30,305,0.075241,0.074324,0.002595,UNSAT
uuf50-0842.cnf,363,2421,42,363,0.094651,0.093584,0.005173,UNSAT
uuf50-0843.cnf,1251,7653,21,1251,0.291598,0.289526,0.006753,UNSAT
uuf50-0844.cnf,2097,12024,236,2097,0.417945,0.418973,0.01077,UNSAT
uuf50-0845.cnf,1169,7045,72,1169,0.276647,0.275682,0.00324,UNSAT
uuf50-0846.cnf,209,1339,32,209,0.04976,0.049223,0.0012,UNSAT
uuf50-0847.cnf,475,2846,16,475,0.110475,0.110495,0.001328,UNSAT
uuf50-0848.cnf,655,3728,27,655,0.146119,0.143542,0.007946,UNSAT
uuf50-0849.cnf,929,6361,87,929,0.235403,0.235175,0.001098,UNSAT
uuf50-085.cnf,379,2384,15,379,0.090603,0.09078,0.000752,UNSAT
uuf50-0850.cnf,1021,6657,69,1021,0.246653,0.246562,0.000747,UNSAT
uuf50-0851.cnf,927,5630,35,927,0.230708,0.228458,0.011249,UNSAT
uuf50-0852.cnf,247,1631,14,247,0.067792,0.067442,0.000932,UNSAT
uuf50-0853.cnf,665,3838,17,665,0.150515,0.150115,0.002462,UNSAT
uuf50-0854.cnf,455,2625,33,455,0.10686,0.107198,0.00096,UNSAT
uuf50-0855.cnf,557,2980,38,557,0.121693,0.122138,0.000823,UNSAT
uuf50-0856.cnf,1151,7472,29,1151,0.271436,0.271207,0.000729,UNSAT
uuf50-0857.cnf,1073,6068,27,1073,0.243909,0.241856,0.003959,UNSAT
uuf50-0858.cnf,291,1812,22,291,0.070393,0.070243,0.000883,UNSAT
uuf50-0859.cnf,929,5188,49,929,0.205261,0.205292,0.001354,UNSAT
uuf50-086.cnf,1223,7774,131,1223,0.260305,0.253616,0.016656,UNSAT
uuf50-0860.cnf,1175,6810,184,1175,0.2542,0.249903,0.014241,UNSAT
uuf50-0861.cnf,967,6123,76,967,0.241516,0.240669,0.003397,UNSAT
uuf50-0862.cnf,453,2825,26,453,0.096312,0.095864,0.000855,UNSAT
uuf50-0863.cnf,491,3191,11,491,0.134957,0.133914,0.005212,UNSAT
uuf50-0864.cnf,539,3338,63,539,0.131505,0.129674,0.006171,UNSAT
uuf50-0865.cnf,1019,6675,41,1019,0.270763,0.266172,0.009867,UNSAT
uuf50-0866.cnf,353,2308,25,353,0.086607,0.086022,0.002634,UNSAT
uuf50-0867.cnf,521,3527,89,521,0.124452,0.124252,0.002242,UNSAT
uuf50-0868.cnf,499,2754,9,499,0.118646,0.118402,0.001665,UNSAT
uuf50-0869.cnf,1375,8593,92,1375,0.306367,0.305706,0.005047,UNSAT
uuf50-087.cnf,803,4550,63,803,0.13503,0.134823,0.000781,UNSAT
uuf50-0870.cnf,739,4331,74,739,0.177038,0.174697,0.006727,UNSAT
uuf50-0871.cnf,989,6790,68,989,0.253763,0.252677,0.003002,UNSAT
uuf50-0872.cnf,1803,10083,132,1803,0.364973,0.359246,0.015826,UNSAT
uuf50-0873.cnf,779,4713,27,779,0.180038,0.178872,0.003604,UNSAT
uuf50-0874.cnf,333,1988,14,333,0.083193,0.083102,0.001691,UNSAT
uuf50-0875.cnf,549,3168,152,549,0.093273,0.093729,0.001483,UNSAT
uuf50-0876.cnf,743,4415,71,743,0.159643,0.159588,0.002468,UNSAT
uuf50-0877.cnf,447,2559,41,447,0.101048,0.101118,0.001222,UNSAT
uuf50-0878.cnf,757,5116,12,757,0.195091,0.187613,0.021606,UNSAT
uuf50-0879.cnf,1381,8294,113,1381,0.305962,0.306759,0.002263,UNSAT
uuf50-088.cnf,901,5340,19,901,0.214798,0.214878,0.000453,UNSAT
uuf50-0880.cnf,1759,10592,123,1759,0.374637,0.37078,0.008067,UNSAT
uuf50-0881.cnf,721,4031,37,721,0.15901,0.159258,0.000819,UNSAT
uuf50-0882.cnf,947,4833,110,947,0.194908,0.194864,0.00045,UNSAT
uuf50-0883.cnf,155,1067,20,155,0.038642,0.038407,0.000538,UNSAT
uuf50-0884.cnf,611,3883,37,611,0.16039,0.160081,0.00224,UNSAT
uuf50-0885.cnf,359,2471,4,359,0.094485,0.094124,0.000676,UNSAT
uuf50-0886.cnf,257,1969,7,257,0.072171,0.071761,0.000764,UNSAT
uuf50-0887.cnf,679,3950,87,679,0.140001,0.140053,0.001252,UNSAT
uuf50-0888.cnf,797,4953,68,797,0.165921,0.166128,0.000862,UNSAT
uuf50-0889.cnf,1227,7332,13,1227,0.278157,0.277953,0.000824,UNSAT
uuf50-089.cnf,3881,20369,189,3881,0.723259,0.72049,0.00762,UNSAT
uuf50-0890.cnf,949,6942,52,949,0.222719,0.222295,0.001467,UNSAT
uuf50-0891.cnf,849,5327,88,849,0.185111,0.18522,0.000612,UNSAT
uuf50-0892.cnf,513,2455,22,513,0.107621,0.106071,0.005376,UNSAT
uuf50-0893.cnf,631,3788,34,631,0.166128,0.164359,0.005334,UNSAT
uuf50-0894.cnf,855,4659,67,855,0.19623,0.193381,0.009225,UNSAT
uuf50-0895.cnf,591,3453,44,591,0.138017,0.135318,0.006976,UNSAT
uuf50-0896.cnf,1713,10787,152,1713,0.330085,0.326641,0.008316,UNSAT
uuf50-0897.cnf,367,2336,7,367,0.09868,0.095211,0.008474,UNSAT
uuf50-0898.cnf,863,4781,44,863,0.181457,0.178641,0.008533,UNSAT
uuf50-0899.cnf,1399,7659,138,1399,0.28249,0.279375,0.010018,UNSAT
uuf50-09.cnf,2809,14939,101,2809,0.537573,0.535413,0.006041,UNSAT
uuf50-090.cnf,1281,6376,28,1281,0.25753,0.254677,0.007887,UNSAT
uuf50-0900.cnf,1441,9356,56,1441,0.315436,0.31286,0.009967,UNSAT
uuf50-0901.cnf,913,5334,41,913,0.209947,0.208939,0.001909,UNSAT
uuf50-0902.cnf,549,2917,17,549,0.116289,0.116303,0.001702,UNSAT
uuf50-0903.cnf,689,4364,57,689,0.155345,0.154488,0.004247,UNSAT
uuf50-0904.cnf,805,4568,116,805,0.159397,0.157781,0.006001,UNSAT
uuf50-0905.cnf,499,3473,18,499,0.145699,0.144869,0.004304,UNSAT
uuf50-0906.cnf,1077,6386,26,1077,0.254266,0.254709,0.001313,UNSAT
uuf50-0907.cnf,725,4442,26,725,0.168123,0.167985,0.001617,UNSAT
uuf50-0908.cnf,233,1492,24,233,0.05174,0.050279,0.00352,UNSAT
uuf50-0909.cnf,637,4588,13,637,0.175804,0.174612,0.004102,UNSAT
uuf50-091.cnf,2283,13561,377,2283,0.480419,0.479806,0.005698,UNSAT
uuf50-0910.cnf,925,5500,41,925,0.210534,0.210023,0.003057,UNSAT
uuf50-0911.cnf,255,1632,29,255,0.068705,0.067516,0.00292,UNSAT
uuf50-0912.cnf,1725,10467,44,1725,0.407995,0.405534,0.005224,UNSAT
uuf50-0913.cnf,2581,13202,301,2581,0.412007,0.410813,0.005488,UNSAT
uuf50-0914.cnf,1285,6682,87,1285,0.269413,0.267192,0.005971,UNSAT
uuf50-0915.cnf,305,1824,17,305,0.072257,0.071129,0.003151,UNSAT
uuf50-0916.cnf,1227,7363,22,1227,0.300415,0.300217,0.002883,UNSAT
uuf50-0917.cnf,419,2912,26,419,0.107891,0.107721,0.000809,UNSAT
uuf50-0918.cnf,545,3342,17,545,0.124792,0.124328,0.002368,UNSAT
uuf50-0919.cnf,667,4013,16,667,0.14708,0.147107,0.00124,UNSAT
uuf50-092.cnf,615,4228,48,615,0.154033,0.152934,0.004771,UNSAT
uuf50-0920.cnf,435,2728,35,435,0.101312,0.100724,0.001581,UNSAT
uuf50-0921.cnf,577,3006,53,577,0.110467,0.110448,0.000795,UNSAT
uuf50-0922.cnf,1201,7425,62,1201,0.268088,0.267548,0.001589,UNSAT
uuf50-0923.cnf,2051,13820,155,2051,0.444977,0.444651,0.001695,UNSAT
uuf50-0924.cnf,219,1704,29,219,0.05493,0.054607,0.000711,UNSAT
uuf50-0925.cnf,429,2983,39,429,0.101068,0.10112,0.001295,UNSAT
uuf50-0926.cnf,949,6515,70,949,0.259224,0.258778,0.00161,UNSAT
uuf50-0927.cnf,349,2559,54,349,0.080194,0.080018,0.000654,UNSAT
uuf50-0928.cnf,451,2803,18,451,0.113191,0.113058,0.001072,UNSAT
uuf50-0929.cnf,511,3485,27,511,0.122677,0.121885,0.002869,UNSAT
uuf50-093.cnf,339,2309,7,339,0.090389,0.088877,0.005899,UNSAT
uuf50-0930.cnf,613,3868,21,613,0.157762,0.15769,0.001596,UNSAT
uuf50-0931.cnf,1001,6300,163,1001,0.218953,0.217989,0.004203,UNSAT
uuf50-0932.cnf,1491,9381,46,1491,0.37205,0.368879,0.00669,UNSAT
uuf50-0933.cnf,825,4781,65,825,0.162765,0.162638,0.002185,UNSAT
uuf50-0934.cnf,769,4330,29,769,0.165834,0.1655,0.002092,UNSAT
uuf50-0935.cnf,1393,9022,162,1393,0.308117,0.307508,0.001556,UNSAT
uuf50-0936.cnf,1035,5560,96,1035,0.200273,0.199032,0.00471,UNSAT
uuf50-0937.cnf,947,6498,62,947,0.21765,0.215542,0.007738,UNSAT
uuf50-0938.cnf,1245,8125,85,1245,0.27715,0.276005,0.00441,UNSAT
uuf50-0939.cnf,397,2503,23,397,0.104766,0.103744,0.004092,UNSAT
uuf50-094.cnf,645,4373,45,645,0.153613,0.152473,0.005548,UNSAT
uuf50-0940.cnf,1729,10620,55,1729,0.386363,0.383828,0.01138,UNSAT
uuf50-0941.cnf,1151,6754,69,1151,0.253592,0.253223,0.001278,UNSAT
uuf50-0942.cnf,981,6556,36,981,0.233123,0.233243,0.000448,UNSAT
uuf50-0943.cnf,645,3878,74,645,0.143915,0.144014,0.000609,UNSAT
uuf50-0944.cnf,523,3330,16,523,0.124804,0.12513,0.000729,UNSAT
uuf50-0945.cnf,1415,8262,233,1415,0.270257,0.270076,0.000655,UNSAT
uuf50-0946.cnf,1755,10686,279,1755,0.368222,0.368218,0.00071,UNSAT
uuf50-0947.cnf,727,4081,38,727,0.153665,0.153638,0.000753,UNSAT
uuf50-0948.cnf,555,2903,73,555,0.121083,0.119167,0.006409,UNSAT
uuf50-0949.cnf,923,6363,48,923,0.247434,0.247299,0.000642,UNSAT
uuf50-095.cnf,421,2954,31,421,0.097628,0.094429,0.008328,UNSAT
uuf50-0950.cnf,1001,6416,73,1001,0.224129,0.224152,0.00021,UNSAT
uuf50-0951.cnf,1255,7720,19,1255,0.307756,0.307466,0.000721,UNSAT
uuf50-0952.cnf,1111,6625,76,1111,0.235427,0.234825,0.001499,UNSAT
uuf50-0953.cnf,791,5186,43,791,0.209751,0.20367,0.012495,UNSAT
uuf50-0954.cnf,937,5740,42,937,0.19456,0.189654,0.016078,UNSAT
uuf50-0955.cnf,667,4312,18,667,0.158595,0.159036,0.000838,UNSAT
uuf50-0956.cnf,621,3906,60,621,0.136308,0.136793,0.000829,UNSAT
uuf50-0957.cnf,905,5773,30,905,0.220185,0.22031,0.000693,UNSAT
uuf50-0958.cnf,1247,6512,95,1247,0.271022,0.270698,0.000789,UNSAT
uuf50-0959.cnf,393,2671,28,393,0.100343,0.100258,0.00076,UNSAT
uuf50-096.cnf,1207,6377,51,1207,0.257974,0.257587,0.000908,UNSAT
uuf50-0960.cnf,2295,12299,220,2295,0.411296,0.410823,0.003037,UNSAT
uuf50-0961.cnf,947,5385,126,947,0.206516,0.203673,0.007381,UNSAT
uuf50-0962.cnf,979,5855,49,979,0.220673,0.219798,0.004464,UNSAT
uuf50-0963.cnf,563,2748,18,563,0.125196,0.125587,0.000827,UNSAT
uuf50-0964.cnf,1167,5990,107,1167,0.247431,0.241668,0.016271,UNSAT
uuf50-0965.cnf,1027,5466,23,1027,0.208545,0.20767,0.003523,UNSAT
uuf50-0966.cnf,227,1500,23,227,0.061419,0.061021,0.000744,UNSAT
uuf50-0967.cnf,385,2458,23,385,0.096204,0.095706,0.000771,UNSAT
uuf50-0968.cnf,1261,7111,21,1261,0.251562,0.250732,0.003413,UNSAT
uuf50-0969.cnf,2491,14701,84,2491,0.53204,0.528317,0.012351,UNSAT
uuf50-097.cnf,931,6527,55,931,0.21286,0.212801,0.00046,UNSAT
uuf50-0970.cnf,1329,8102,33,1329,0.328027,0.320299,0.018789,UNSAT
uuf50-0971.cnf,237,1844,26,237,0.059022,0.056106,0.00961,UNSAT
uuf50-0972.cnf,601,3561,27,601,0.12379,0.124161,0.000933,UNSAT
uuf50-0973.cnf,685,4117,20,685,0.166329,0.166229,0.001855,UNSAT
uuf50-0974.cnf,915,5726,122,915,0.182153,0.181313,0.002996,UNSAT
uuf50-0975.cnf,331,1984,19,331,0.07019,0.06986,0.000719,UNSAT
uuf50-0976.cnf,769,4612,14,769,0.179645,0.180045,0.000868,UNSAT
uuf50-0977.cnf,549,3407,21,549,0.128715,0.128841,0.001685,UNSAT
uuf50-0978.cnf,579,3954,40,579,0.154617,0.150081,0.011128,UNSAT
uuf50-0979.cnf,765,4621,61,765,0.185319,0.178804,0.022566,UNSAT
uuf50-098.cnf,591,4076,21,591,0.147038,0.142423,0.014117,UNSAT
uuf50-0980.cnf,703,4247,44,703,0.158891,0.159254,0.000797,UNSAT
uuf50-0981.cnf,931,5443,118,931,0.194673,0.19474,0.000593,UNSAT
uuf50-0982.cnf,389,2352,33,389,0.086674,0.086272,0.000794,UNSAT
uuf50-0983.cnf,1079,7127,49,1079,0.257752,0.256798,0.001821,UNSAT
uuf50-0984.cnf,553,3531,12,553,0.139745,0.139516,0.001496,UNSAT
uuf50-0985.cnf,811,5033,19,811,0.199413,0.198852,0.002245,UNSAT
uuf50-0986.cnf,1191,7214,49,1191,0.303051,0.301101,0.007872,UNSAT
uuf50-0987.cnf,403,2933,47,403,0.092208,0.090968,0.004957,UNSAT
uuf50-0988.cnf,1415,7411,49,1415,0.268649,0.26832,0.001074,UNSAT
uuf50-0989.cnf,657,4636,25,657,0.177282,0.177477,0.000683,UNSAT
uuf50-099.cnf,2347,15721,167,2347,0.508665,0.505394,0.008305,UNSAT
uuf50-0990.cnf,667,3931,12,667,0.154338,0.149,0.013325,UNSAT
uuf50-0991.cnf,463,3143,20,463,0.120641,0.12058,0.000832,UNSAT
uuf50-0992.cnf,283,1983,10,283,0.076947,0.076523,0.000776,UNSAT
uuf50-0993.cnf,569,3314,49,569,0.12685,0.126139,0.00362,UNSAT
uuf50-0994.cnf,475,2277,14,475,0.101762,0.101785,0.000845,UNSAT
uuf50-0995.cnf,369,2248,13,369,0.089049,0.088656,0.000739,UNSAT
uuf50-0996.cnf,493,3090,9,493,0.117584,0.117974,0.001067,UNSAT
uuf50-0997.cnf,1057,5917,27,1057,0.259704,0.252066,0.025518,UNSAT
uuf50-0998.cnf,827,4897,26,827,0.204442,0.196984,0.019212,UNSAT
uuf50-0999.cnf,1065,7223,53,1065,0.273641,0.254072,0.032766,UNSAT
